Id,ContractName,EnteredAt,ExitedAt,EntryPrice,ExitPrice,Fees,PnL,Size,Type,TradeDay,TradeDuration
910050760,MBTK5,05/08/2025 11:22:07 -04:00,05/08/2025 11:27:06 -04:00,100285.000000000,101010.000000000,2.34000,72.500000000,1,Long,05/08/2025 00:00:00 -05:00,00:04:59.2514080
902351617,MNQM5,05/06/2025 22:04:12 -04:00,05/07/2025 07:26:09 -04:00,20029.000000000,20012.000000000,0.74000,-34.000000000,1,Long,05/07/2025 00:00:00 -05:00,09:21:56.4669840
902351618,MNQM5,05/06/2025 22:07:25 -04:00,05/07/2025 07:26:09 -04:00,20031.250000000,20012.000000000,0.74000,-38.500000000,1,Long,05/07/2025 00:00:00 -05:00,09:18:43.5390800
902351619,MNQM5,05/06/2025 22:27:36 -04:00,05/07/2025 07:26:09 -04:00,19992.250000000,20012.000000000,1.48000,79.000000000,2,Long,05/07/2025 00:00:00 -05:00,08:58:33.1991910
902354165,MBTK5,05/06/2025 20:40:19 -04:00,05/07/2025 07:26:59 -04:00,97680.000000000,97465.000000000,2.34000,-21.500000000,1,Long,05/07/2025 00:00:00 -05:00,10:46:40.0320010
902354166,MBTK5,05/06/2025 20:44:29 -04:00,05/07/2025 07:26:59 -04:00,97740.000000000,97465.000000000,2.34000,-27.500000000,1,Long,05/07/2025 00:00:00 -05:00,10:42:29.8198890
862034689,MNQM5,04/25/2025 14:17:55 -04:00,04/25/2025 14:24:32 -04:00,19467.500000000,19495.000000000,0.74000,55.000000000,1,Long,04/25/2025 00:00:00 -05:00,00:06:36.8293550
955625293,MBTK5,05/21/2025 07:55:22 -04:00,05/21/2025 10:33:47 -04:00,106830.000000000,107370.000000000,2.34000,54.000000000,1,Long,05/21/2025 00:00:00 -05:00,02:38:24.4831960
955630448,MNQM5,05/21/2025 10:02:15 -04:00,05/21/2025 10:34:03 -04:00,21401.500000000,21380.500000000,0.74000,-42.000000000,1,Long,05/21/2025 00:00:00 -05:00,00:31:48.1035620
797881658,MNQM5,04/09/2025 11:10:49 -04:00,04/09/2025 11:11:18 -04:00,17373.250000000,17388.250000000,0.74000,-30.000000000,1,Short,04/09/2025 00:00:00 -05:00,00:00:29.6022320
797910684,MESM5,04/09/2025 11:14:29 -04:00,04/09/2025 11:15:05 -04:00,5015.750000000,5021.750000000,0.74000,-30.000000000,1,Short,04/09/2025 00:00:00 -05:00,00:00:35.5779340
1188628700,MNQU5,08/01/2025 10:57:15 -04:00,08/01/2025 11:02:51 -04:00,22934.500000000,22925.750000000,0.74000,17.500000000,1,Short,08/01/2025 00:00:00 -05:00,00:05:36.1204340
922453091,MNQM5,05/12/2025 18:52:37 -04:00,05/12/2025 19:35:00 -04:00,20924.250000000,20941.750000000,0.74000,35.000000000,1,Long,05/13/2025 00:00:00 -05:00,00:42:22.9935190
797944861,MESM5,04/09/2025 11:17:16 -04:00,04/09/2025 11:18:12 -04:00,5031.750000000,5031.000000000,0.74000,3.750000000,1,Short,04/09/2025 00:00:00 -05:00,00:00:56.0018120
1063040538,MNQU5,06/24/2025 09:43:22 -04:00,06/24/2025 09:52:03 -04:00,22325.250000000,22291.000000000,0.74000,-68.500000000,1,Long,06/24/2025 00:00:00 -05:00,00:08:41.0054730
935996616,MNQM5,05/15/2025 10:11:24 -04:00,05/15/2025 11:06:58 -04:00,21298.250000000,21357.250000000,0.74000,118.000000000,1,Long,05/15/2025 00:00:00 -05:00,00:55:33.9599370
935996618,MNQM5,05/15/2025 10:13:02 -04:00,05/15/2025 11:06:58 -04:00,21303.250000000,21357.250000000,0.74000,108.000000000,1,Long,05/15/2025 00:00:00 -05:00,00:53:55.4048960
935996622,MNQM5,05/15/2025 10:36:37 -04:00,05/15/2025 11:06:58 -04:00,21273.250000000,21357.250000000,0.74000,168.000000000,1,Long,05/15/2025 00:00:00 -05:00,00:30:20.3155150
922614604,MNQM5,05/12/2025 20:01:01 -04:00,05/12/2025 20:31:50 -04:00,20906.500000000,20876.500000000,0.74000,-60.000000000,1,Long,05/13/2025 00:00:00 -05:00,00:30:48.8082070
955819308,MNQM5,05/21/2025 10:36:21 -04:00,05/21/2025 10:50:54 -04:00,21393.750000000,21408.500000000,0.74000,29.500000000,1,Long,05/21/2025 00:00:00 -05:00,00:14:32.9803760
848765368,MNQM5,04/23/2025 09:58:23 -04:00,04/23/2025 10:00:01 -04:00,19036.500000000,19096.500000000,0.74000,120.000000000,1,Long,04/23/2025 00:00:00 -05:00,00:01:37.3085000
922655567,MNQM5,05/12/2025 20:33:49 -04:00,05/12/2025 20:46:09 -04:00,20883.500000000,20869.250000000,0.74000,-28.500000000,1,Long,05/13/2025 00:00:00 -05:00,00:12:19.7781700
798293955,MESM5,04/09/2025 12:05:32 -04:00,04/09/2025 12:06:55 -04:00,5011.500000000,5012.250000000,0.74000,3.750000000,1,Long,04/09/2025 00:00:00 -05:00,00:01:23.1352560
922674651,MNQM5,05/12/2025 20:47:09 -04:00,05/12/2025 20:51:56 -04:00,20876.250000000,20877.000000000,0.74000,1.500000000,1,Long,05/13/2025 00:00:00 -05:00,00:04:47.0547870
836952755,MNQM5,04/21/2025 09:14:20 -04:00,04/21/2025 09:29:54 -04:00,18098.500000000,18128.000000000,0.74000,-59.000000000,1,Short,04/21/2025 00:00:00 -05:00,00:15:33.9465320
837094354,MNQM5,04/21/2025 09:34:19 -04:00,04/21/2025 09:37:02 -04:00,18143.500000000,18083.500000000,0.74000,120.000000000,1,Short,04/21/2025 00:00:00 -05:00,00:02:43.0695160
798381556,MNQM5,04/09/2025 12:20:38 -04:00,04/09/2025 12:21:02 -04:00,17454.500000000,17476.750000000,0.74000,-44.500000000,1,Short,04/09/2025 00:00:00 -05:00,00:00:24.0432480
1188933783,MNQU5,08/01/2025 11:38:05 -04:00,08/01/2025 11:46:25 -04:00,22931.500000000,23001.000000000,0.74000,139.000000000,1,Long,08/01/2025 00:00:00 -05:00,00:08:20.0533460
842347899,MNQM5,04/22/2025 08:34:54 -04:00,04/22/2025 09:00:29 -04:00,18086.750000000,18134.250000000,0.74000,95.000000000,1,Long,04/22/2025 00:00:00 -05:00,00:25:35.4783370
1189053349,MNQU5,08/01/2025 12:02:09 -04:00,08/01/2025 12:08:23 -04:00,23013.500000000,23013.250000000,0.74000,-0.500000000,1,Long,08/01/2025 00:00:00 -05:00,00:06:13.5469350
849030381,MNQM5,04/23/2025 10:17:11 -04:00,04/23/2025 10:19:02 -04:00,19001.500000000,18997.750000000,0.74000,7.500000000,1,Short,04/23/2025 00:00:00 -05:00,00:01:51.1963920
1189100379,MNQU5,08/01/2025 12:11:53 -04:00,08/01/2025 12:17:45 -04:00,23014.750000000,23028.000000000,0.74000,-26.500000000,1,Short,08/01/2025 00:00:00 -05:00,00:05:51.4768010
971176487,MNQM5,05/27/2025 08:59:56 -04:00,05/27/2025 09:27:40 -04:00,21276.500000000,21276.500000000,0.74000,0.000000000,1,Long,05/27/2025 00:00:00 -05:00,00:27:43.8258010
849164349,MNQM5,04/23/2025 10:25:32 -04:00,04/23/2025 10:27:31 -04:00,19072.750000000,19087.500000000,0.74000,29.500000000,1,Long,04/23/2025 00:00:00 -05:00,00:01:59.1873930
838392235,MNQM5,04/21/2025 11:01:10 -04:00,04/21/2025 11:10:18 -04:00,17941.250000000,17935.750000000,0.74000,11.000000000,1,Short,04/21/2025 00:00:00 -05:00,00:09:07.4021900
971304232,MNQM5,05/27/2025 09:30:22 -04:00,05/27/2025 09:35:22 -04:00,21267.750000000,21211.500000000,0.74000,-112.500000000,1,Long,05/27/2025 00:00:00 -05:00,00:05:00.1422620
971304235,MNQM5,05/27/2025 09:32:11 -04:00,05/27/2025 09:35:22 -04:00,21254.500000000,21211.500000000,0.74000,-86.000000000,1,Long,05/27/2025 00:00:00 -05:00,00:03:11.1946980
838440497,MNQM5,04/21/2025 11:14:26 -04:00,04/21/2025 11:14:32 -04:00,17905.500000000,17898.500000000,0.74000,14.000000000,1,Short,04/21/2025 00:00:00 -05:00,00:00:06.2511950
971710587,MNQM5,05/27/2025 09:40:21 -04:00,05/27/2025 10:04:56 -04:00,21229.000000000,21330.000000000,1.48000,404.000000000,2,Long,05/27/2025 00:00:00 -05:00,00:24:35.1733630
918996793,MNQM5,05/12/2025 09:05:32 -04:00,05/12/2025 09:10:18 -04:00,20915.750000000,20902.250000000,0.74000,27.000000000,1,Short,05/12/2025 00:00:00 -05:00,00:04:46.4947500
799203146,MNQM5,04/09/2025 14:16:22 -04:00,04/09/2025 14:17:29 -04:00,18878.750000000,18880.000000000,0.74000,2.500000000,1,Long,04/09/2025 00:00:00 -05:00,00:01:06.1618070
919058470,MNQM5,05/12/2025 09:18:33 -04:00,05/12/2025 09:25:00 -04:00,20916.000000000,20917.250000000,0.74000,2.500000000,1,Long,05/12/2025 00:00:00 -05:00,00:06:26.7314720
919079885,MNQM5,05/12/2025 09:27:31 -04:00,05/12/2025 09:30:02 -04:00,20933.500000000,20903.750000000,0.74000,-59.500000000,1,Long,05/12/2025 00:00:00 -05:00,00:02:31.5934840
1189585662,MNQU5,08/01/2025 13:44:12 -04:00,08/01/2025 13:46:25 -04:00,22852.000000000,22855.500000000,0.74000,7.000000000,1,Long,08/01/2025 00:00:00 -05:00,00:02:13.6190640
972196360,MNQM5,05/27/2025 10:11:31 -04:00,05/27/2025 10:58:22 -04:00,21353.500000000,21355.250000000,0.74000,3.500000000,1,Long,05/27/2025 00:00:00 -05:00,00:46:51.1676870
912054283,MNQM5,05/08/2025 19:52:29 -04:00,05/08/2025 19:56:42 -04:00,20139.000000000,20126.250000000,0.74000,-25.500000000,1,Long,05/09/2025 00:00:00 -05:00,00:04:12.6857210
1189686207,MNQU5,08/01/2025 14:08:05 -04:00,08/01/2025 14:09:10 -04:00,22828.500000000,22830.250000000,0.74000,-3.500000000,1,Short,08/01/2025 00:00:00 -05:00,00:01:05.6816520
1189729921,MNQU5,08/01/2025 14:12:39 -04:00,08/01/2025 14:16:55 -04:00,22801.250000000,22811.500000000,0.74000,20.500000000,1,Long,08/01/2025 00:00:00 -05:00,00:04:15.9340470
972592413,MNQM5,05/27/2025 11:01:34 -04:00,05/27/2025 11:55:42 -04:00,21367.750000000,21399.250000000,0.74000,63.000000000,1,Long,05/27/2025 00:00:00 -05:00,00:54:08.4984780
972592414,MNQM5,05/27/2025 11:09:10 -04:00,05/27/2025 11:55:42 -04:00,21370.750000000,21399.250000000,0.74000,57.000000000,1,Long,05/27/2025 00:00:00 -05:00,00:46:32.3377020
1189793511,MNQU5,08/01/2025 14:25:06 -04:00,08/01/2025 14:28:16 -04:00,22858.750000000,22885.750000000,0.74000,54.000000000,1,Long,08/01/2025 00:00:00 -05:00,00:03:09.7248280
1189827038,MNQU5,08/01/2025 14:33:17 -04:00,08/01/2025 14:35:46 -04:00,22909.000000000,22909.250000000,0.74000,-0.500000000,1,Short,08/01/2025 00:00:00 -05:00,00:02:28.8221940
1189847662,MNQU5,08/01/2025 14:39:19 -04:00,08/01/2025 14:41:44 -04:00,22913.000000000,22921.000000000,0.74000,-16.000000000,1,Short,08/01/2025 00:00:00 -05:00,00:02:24.6134450
919822867,MNQM5,05/12/2025 09:30:10 -04:00,05/12/2025 10:16:57 -04:00,20912.250000000,20839.250000000,0.74000,-146.000000000,1,Long,05/12/2025 00:00:00 -05:00,00:46:46.6209170
919822868,MNQM5,05/12/2025 09:32:20 -04:00,05/12/2025 10:16:57 -04:00,20824.000000000,20839.250000000,0.74000,30.500000000,1,Long,05/12/2025 00:00:00 -05:00,00:44:37.0363130
919822869,MNQM5,05/12/2025 09:32:54 -04:00,05/12/2025 10:16:57 -04:00,20839.750000000,20839.250000000,0.74000,-1.000000000,1,Long,05/12/2025 00:00:00 -05:00,00:44:03.0973480
919822870,MNQM5,05/12/2025 09:36:30 -04:00,05/12/2025 10:16:57 -04:00,20815.000000000,20839.250000000,0.74000,48.500000000,1,Long,05/12/2025 00:00:00 -05:00,00:40:26.9298230
919822871,MNQM5,05/12/2025 09:39:33 -04:00,05/12/2025 10:16:57 -04:00,20787.250000000,20839.250000000,0.74000,104.000000000,1,Long,05/12/2025 00:00:00 -05:00,00:37:24.1222080
919822872,MNQM5,05/12/2025 09:43:17 -04:00,05/12/2025 10:16:57 -04:00,20767.750000000,20839.250000000,0.74000,143.000000000,1,Long,05/12/2025 00:00:00 -05:00,00:33:40.0182120
919822873,MNQM5,05/12/2025 09:49:19 -04:00,05/12/2025 10:16:57 -04:00,20787.500000000,20839.250000000,0.74000,103.500000000,1,Long,05/12/2025 00:00:00 -05:00,00:27:37.4604960
919822874,MNQM5,05/12/2025 10:01:39 -04:00,05/12/2025 10:16:57 -04:00,20781.250000000,20839.250000000,0.74000,116.000000000,1,Long,05/12/2025 00:00:00 -05:00,00:15:17.7889410
820906378,MNQM5,04/15/2025 09:49:31 -04:00,04/15/2025 10:44:51 -04:00,19101.250000000,19070.000000000,0.74000,-62.500000000,1,Long,04/15/2025 00:00:00 -05:00,00:55:20.5062730
820906379,MNQM5,04/15/2025 10:30:20 -04:00,04/15/2025 10:44:51 -04:00,18990.750000000,19070.000000000,0.74000,158.500000000,1,Long,04/15/2025 00:00:00 -05:00,00:14:31.0281770
1189875990,MNQU5,08/01/2025 14:47:26 -04:00,08/01/2025 14:48:02 -04:00,22914.500000000,22914.500000000,0.74000,0.000000000,1,Short,08/01/2025 00:00:00 -05:00,00:00:35.8104320
949672989,MNQM5,05/20/2025 09:38:00 -04:00,05/20/2025 09:40:22 -04:00,21405.000000000,21435.000000000,0.74000,-60.000000000,1,Short,05/20/2025 00:00:00 -05:00,00:02:21.4540580
830325848,MNQM5,04/16/2025 23:47:50 -04:00,04/16/2025 23:59:28 -04:00,18511.500000000,18535.500000000,0.74000,48.000000000,1,Long,04/17/2025 00:00:00 -05:00,00:11:38.2755280
780562671,MNQM5,04/04/2025 12:10:28 -04:00,04/04/2025 12:10:41 -04:00,17908.500000000,17957.000000000,0.74000,-97.000000000,1,Short,04/04/2025 00:00:00 -05:00,00:00:13.8564790
780562677,MNQM5,04/04/2025 12:10:40 -04:00,04/04/2025 12:10:41 -04:00,17941.000000000,17957.000000000,0.74000,-32.000000000,1,Short,04/04/2025 00:00:00 -05:00,00:00:01.2894310
780577536,MNQM5,04/04/2025 12:12:13 -04:00,04/04/2025 12:13:39 -04:00,17908.750000000,17934.000000000,0.74000,-50.500000000,1,Short,04/04/2025 00:00:00 -05:00,00:01:25.9470930
830427589,MNQM5,04/17/2025 00:43:41 -04:00,04/17/2025 01:37:36 -04:00,18540.500000000,18544.750000000,0.74000,8.500000000,1,Long,04/17/2025 00:00:00 -05:00,00:53:54.9384560
780599504,MNQM5,04/04/2025 12:13:59 -04:00,04/04/2025 12:17:07 -04:00,17935.000000000,17854.500000000,0.74000,161.000000000,1,Short,04/04/2025 00:00:00 -05:00,00:03:07.2251890
920224920,MNQM5,05/12/2025 10:23:57 -04:00,05/12/2025 10:42:53 -04:00,20826.250000000,20779.500000000,0.74000,-93.500000000,1,Long,05/12/2025 00:00:00 -05:00,00:18:56.3408710
920224921,MNQM5,05/12/2025 10:32:56 -04:00,05/12/2025 10:42:53 -04:00,20721.750000000,20779.500000000,0.74000,115.500000000,1,Long,05/12/2025 00:00:00 -05:00,00:09:57.2352200
920224922,MNQM5,05/12/2025 10:33:25 -04:00,05/12/2025 10:42:53 -04:00,20722.000000000,20779.500000000,0.74000,115.000000000,1,Long,05/12/2025 00:00:00 -05:00,00:09:28.6677780
920224923,MNQM5,05/12/2025 10:33:38 -04:00,05/12/2025 10:42:53 -04:00,20726.500000000,20779.500000000,0.74000,106.000000000,1,Long,05/12/2025 00:00:00 -05:00,00:09:15.1875060
920224918,MNQM5,05/12/2025 10:20:58 -04:00,05/12/2025 10:42:53 -04:00,20816.250000000,20779.500000000,0.74000,-73.500000000,1,Long,05/12/2025 00:00:00 -05:00,00:21:55.4848330
920224919,MNQM5,05/12/2025 10:21:21 -04:00,05/12/2025 10:42:53 -04:00,20811.750000000,20779.500000000,0.74000,-64.500000000,1,Long,05/12/2025 00:00:00 -05:00,00:21:31.9253350
949852447,MNQM5,05/20/2025 09:46:05 -04:00,05/20/2025 09:49:09 -04:00,21404.750000000,21382.750000000,0.74000,44.000000000,1,Short,05/20/2025 00:00:00 -05:00,00:03:04.4737080
808636528,MNQM5,04/11/2025 09:46:40 -04:00,04/11/2025 09:51:09 -04:00,18589.750000000,18550.000000000,0.74000,79.500000000,1,Short,04/11/2025 00:00:00 -05:00,00:04:28.2730140
920301632,MNQM5,05/12/2025 10:46:31 -04:00,05/12/2025 10:51:12 -04:00,20803.000000000,20785.500000000,0.74000,-35.000000000,1,Long,05/12/2025 00:00:00 -05:00,00:04:40.9395890
989572031,MNQM5,06/02/2025 08:26:52 -04:00,06/02/2025 09:33:53 -04:00,21246.750000000,21399.750000000,0.74000,306.000000000,1,Long,06/02/2025 00:00:00 -05:00,01:07:01.1526680
989572032,MNQM5,06/02/2025 08:27:26 -04:00,06/02/2025 09:33:53 -04:00,21251.000000000,21399.750000000,0.74000,297.500000000,1,Long,06/02/2025 00:00:00 -05:00,01:06:27.1279160
989691532,MNQM5,06/02/2025 09:38:19 -04:00,06/02/2025 09:41:34 -04:00,21443.250000000,21423.750000000,0.74000,-39.000000000,1,Long,06/02/2025 00:00:00 -05:00,00:03:14.8719820
989755524,MNQM5,06/02/2025 09:45:07 -04:00,06/02/2025 09:46:08 -04:00,21430.500000000,21400.000000000,0.74000,-61.000000000,1,Long,06/02/2025 00:00:00 -05:00,00:01:00.6125860
800931705,MNQM5,04/10/2025 00:36:10 -04:00,04/10/2025 00:45:26 -04:00,19026.750000000,19027.250000000,0.74000,1.000000000,1,Long,04/10/2025 00:00:00 -05:00,00:09:15.9722940
800940589,MNQM5,04/10/2025 00:46:26 -04:00,04/10/2025 00:49:47 -04:00,19050.500000000,19058.750000000,0.74000,16.500000000,1,Long,04/10/2025 00:00:00 -05:00,00:03:21.1847260
800940591,MNQM5,04/10/2025 00:49:18 -04:00,04/10/2025 00:49:47 -04:00,19064.500000000,19058.750000000,0.74000,-11.500000000,1,Long,04/10/2025 00:00:00 -05:00,00:00:28.5501730
800969674,MNQM5,04/10/2025 00:50:07 -04:00,04/10/2025 01:09:24 -04:00,19064.500000000,19025.000000000,0.74000,-79.000000000,1,Long,04/10/2025 00:00:00 -05:00,00:19:16.3428000
800969677,MNQM5,04/10/2025 00:54:36 -04:00,04/10/2025 01:09:24 -04:00,19065.000000000,19025.000000000,0.74000,-80.000000000,1,Long,04/10/2025 00:00:00 -05:00,00:14:47.9873560
800969680,MNQM5,04/10/2025 00:58:07 -04:00,04/10/2025 01:09:24 -04:00,19049.000000000,19025.000000000,0.74000,-48.000000000,1,Long,04/10/2025 00:00:00 -05:00,00:11:16.7111610
800975435,MNQM5,04/10/2025 01:11:20 -04:00,04/10/2025 01:12:44 -04:00,19031.500000000,19035.750000000,0.74000,8.500000000,1,Long,04/10/2025 00:00:00 -05:00,00:01:23.6644000
800975436,MNQM5,04/10/2025 01:11:34 -04:00,04/10/2025 01:12:44 -04:00,19034.750000000,19035.750000000,0.74000,2.000000000,1,Long,04/10/2025 00:00:00 -05:00,00:01:10.1690240
800975437,MNQM5,04/10/2025 01:11:40 -04:00,04/10/2025 01:12:44 -04:00,19036.750000000,19035.750000000,0.74000,-2.000000000,1,Long,04/10/2025 00:00:00 -05:00,00:01:03.4080000
800976778,MNQM5,04/10/2025 01:13:06 -04:00,04/10/2025 01:13:54 -04:00,19042.000000000,19043.250000000,0.74000,2.500000000,1,Long,04/10/2025 00:00:00 -05:00,00:00:48.4869410
800976779,MNQM5,04/10/2025 01:13:27 -04:00,04/10/2025 01:13:54 -04:00,19039.750000000,19043.250000000,0.74000,7.000000000,1,Long,04/10/2025 00:00:00 -05:00,00:00:27.5429940
800976781,MNQM5,04/10/2025 01:13:44 -04:00,04/10/2025 01:13:54 -04:00,19045.250000000,19043.250000000,0.74000,-4.000000000,1,Long,04/10/2025 00:00:00 -05:00,00:00:09.6839850
800981225,MNQM5,04/10/2025 01:15:15 -04:00,04/10/2025 01:16:41 -04:00,19022.250000000,19033.500000000,0.74000,-22.500000000,1,Short,04/10/2025 00:00:00 -05:00,00:01:26.3552200
800983261,MNQM5,04/10/2025 01:17:45 -04:00,04/10/2025 01:18:22 -04:00,19030.000000000,19043.250000000,0.74000,-26.500000000,1,Short,04/10/2025 00:00:00 -05:00,00:00:36.8673800
800986061,MNQM5,04/10/2025 01:18:22 -04:00,04/10/2025 01:19:52 -04:00,19043.250000000,19044.250000000,0.74000,2.000000000,1,Long,04/10/2025 00:00:00 -05:00,00:01:29.7682670
800986063,MNQM5,04/10/2025 01:18:51 -04:00,04/10/2025 01:19:52 -04:00,19040.750000000,19044.250000000,0.74000,7.000000000,1,Long,04/10/2025 00:00:00 -05:00,00:01:00.5557890
800986065,MNQM5,04/10/2025 01:19:02 -04:00,04/10/2025 01:19:52 -04:00,19047.000000000,19044.250000000,0.74000,-5.500000000,1,Long,04/10/2025 00:00:00 -05:00,00:00:49.8719730
800990062,MNQM5,04/10/2025 01:20:02 -04:00,04/10/2025 01:22:38 -04:00,19050.750000000,19053.500000000,0.74000,5.500000000,1,Long,04/10/2025 00:00:00 -05:00,00:02:35.4360310
800990065,MNQM5,04/10/2025 01:20:49 -04:00,04/10/2025 01:22:38 -04:00,19052.500000000,19053.500000000,0.74000,2.000000000,1,Long,04/10/2025 00:00:00 -05:00,00:01:48.1562030
800990067,MNQM5,04/10/2025 01:20:53 -04:00,04/10/2025 01:22:38 -04:00,19053.500000000,19053.500000000,0.74000,0.000000000,1,Long,04/10/2025 00:00:00 -05:00,00:01:44.2008870
801001830,MNQM5,04/10/2025 01:23:58 -04:00,04/10/2025 01:31:56 -04:00,19060.000000000,19071.500000000,0.74000,23.000000000,1,Long,04/10/2025 00:00:00 -05:00,00:07:57.2823970
801001831,MNQM5,04/10/2025 01:24:20 -04:00,04/10/2025 01:31:56 -04:00,19063.000000000,19071.500000000,0.74000,17.000000000,1,Long,04/10/2025 00:00:00 -05:00,00:07:36.0084400
801001832,MNQM5,04/10/2025 01:24:28 -04:00,04/10/2025 01:31:56 -04:00,19063.000000000,19071.500000000,0.74000,17.000000000,1,Long,04/10/2025 00:00:00 -05:00,00:07:27.2080870
876253945,MNQM5,04/30/2025 10:11:55 -04:00,04/30/2025 10:13:54 -04:00,19208.500000000,19243.750000000,0.74000,-70.500000000,1,Short,04/30/2025 00:00:00 -05:00,00:01:58.6961060
950042209,MNQM5,05/20/2025 09:54:10 -04:00,05/20/2025 09:58:38 -04:00,21431.500000000,21391.000000000,0.74000,-81.000000000,1,Long,05/20/2025 00:00:00 -05:00,00:04:27.5097450
876368021,MNQM5,04/30/2025 10:15:04 -04:00,04/30/2025 10:22:20 -04:00,19257.250000000,19263.750000000,0.74000,13.000000000,1,Long,04/30/2025 00:00:00 -05:00,00:07:16.4109050
809142559,MNQM5,04/11/2025 10:19:03 -04:00,04/11/2025 10:24:01 -04:00,18448.250000000,18331.000000000,0.74000,234.500000000,1,Short,04/11/2025 00:00:00 -05:00,00:04:57.1924840
950096638,MNQM5,05/20/2025 09:59:39 -04:00,05/20/2025 10:01:09 -04:00,21396.250000000,21379.750000000,0.74000,-33.000000000,1,Long,05/20/2025 00:00:00 -05:00,00:01:30.1512990
876411361,MNQM5,04/30/2025 10:23:30 -04:00,04/30/2025 10:25:28 -04:00,19271.250000000,19276.000000000,0.74000,9.500000000,1,Long,04/30/2025 00:00:00 -05:00,00:01:57.4691590
1197592251,MNQU5,08/05/2025 09:41:36 -04:00,08/05/2025 09:49:37 -04:00,23358.750000000,23380.750000000,0.74000,44.000000000,1,Long,08/05/2025 00:00:00 -05:00,00:08:01.2327970
1197592252,MNQU5,08/05/2025 09:43:32 -04:00,08/05/2025 09:49:37 -04:00,23359.250000000,23380.750000000,0.74000,43.000000000,1,Long,08/05/2025 00:00:00 -05:00,00:06:05.4570790
876511474,MNQM5,04/30/2025 10:26:11 -04:00,04/30/2025 10:32:53 -04:00,19284.750000000,19319.250000000,0.74000,69.000000000,1,Long,04/30/2025 00:00:00 -05:00,00:06:42.5763900
950193568,MNQM5,05/20/2025 10:05:43 -04:00,05/20/2025 10:07:21 -04:00,21412.750000000,21382.250000000,0.74000,-61.000000000,1,Long,05/20/2025 00:00:00 -05:00,00:01:38.1978690
913954608,MNQM5,05/09/2025 09:30:51 -04:00,05/09/2025 09:52:26 -04:00,20252.000000000,20206.750000000,0.74000,-90.500000000,1,Long,05/09/2025 00:00:00 -05:00,00:21:35.2935820
913954610,MNQM5,05/09/2025 09:44:32 -04:00,05/09/2025 09:52:26 -04:00,20228.250000000,20206.750000000,0.74000,-43.000000000,1,Long,05/09/2025 00:00:00 -05:00,00:07:54.3345240
876601936,MNQM5,04/30/2025 10:34:22 -04:00,04/30/2025 10:39:38 -04:00,19338.000000000,19315.500000000,0.74000,-45.000000000,1,Long,04/30/2025 00:00:00 -05:00,00:05:15.8936040
876601937,MNQM5,04/30/2025 10:36:09 -04:00,04/30/2025 10:39:38 -04:00,19309.500000000,19315.500000000,0.74000,12.000000000,1,Long,04/30/2025 00:00:00 -05:00,00:03:29.0926980
876601938,MNQM5,04/30/2025 10:39:26 -04:00,04/30/2025 10:39:38 -04:00,19310.500000000,19315.500000000,0.74000,10.000000000,1,Long,04/30/2025 00:00:00 -05:00,00:00:11.5817750
1197708447,MNQU5,08/05/2025 09:50:58 -04:00,08/05/2025 09:56:01 -04:00,23368.250000000,23371.250000000,1.48000,12.000000000,2,Long,08/05/2025 00:00:00 -05:00,00:05:03.4395940
990508205,MNQM5,06/02/2025 10:25:14 -04:00,06/02/2025 10:38:57 -04:00,21362.750000000,21395.000000000,0.74000,64.500000000,1,Long,06/02/2025 00:00:00 -05:00,00:13:43.3101740
876682614,MNQM5,04/30/2025 10:39:51 -04:00,04/30/2025 10:44:54 -04:00,19311.500000000,19348.500000000,0.74000,74.000000000,1,Long,04/30/2025 00:00:00 -05:00,00:05:03.6707490
876682616,MNQM5,04/30/2025 10:42:32 -04:00,04/30/2025 10:44:54 -04:00,19288.250000000,19348.500000000,0.74000,120.500000000,1,Long,04/30/2025 00:00:00 -05:00,00:02:22.7415280
1197774564,MNQU5,08/05/2025 09:56:42 -04:00,08/05/2025 10:00:06 -04:00,23372.000000000,23397.000000000,0.74000,50.000000000,1,Long,08/05/2025 00:00:00 -05:00,00:03:23.6693400
1197774566,MNQU5,08/05/2025 09:58:45 -04:00,08/05/2025 10:00:06 -04:00,23374.500000000,23397.000000000,0.74000,45.000000000,1,Long,08/05/2025 00:00:00 -05:00,00:01:21.1408470
846760212,MNQM5,04/22/2025 21:18:47 -04:00,04/22/2025 21:29:55 -04:00,18708.750000000,18704.250000000,0.74000,9.000000000,1,Short,04/23/2025 00:00:00 -05:00,00:11:07.6105150
990717959,MNQM5,06/02/2025 11:01:52 -04:00,06/02/2025 11:03:54 -04:00,21406.250000000,21376.000000000,0.74000,-60.500000000,1,Long,06/02/2025 00:00:00 -05:00,00:02:01.5080050
876830259,MNQM5,04/30/2025 10:52:24 -04:00,04/30/2025 10:55:32 -04:00,19302.000000000,19307.500000000,0.74000,11.000000000,1,Long,04/30/2025 00:00:00 -05:00,00:03:07.9162870
876861079,MNQM5,04/30/2025 10:56:56 -04:00,04/30/2025 10:57:54 -04:00,19312.250000000,19338.500000000,0.74000,52.500000000,1,Long,04/30/2025 00:00:00 -05:00,00:00:57.6135110
1197896075,MNQU5,08/05/2025 10:04:02 -04:00,08/05/2025 10:05:12 -04:00,23341.750000000,23336.250000000,0.74000,11.000000000,1,Short,08/05/2025 00:00:00 -05:00,00:01:10.9175930
1184325765,MNQU5,07/31/2025 11:40:08 -04:00,07/31/2025 12:30:10 -04:00,23576.750000000,23602.500000000,0.74000,51.500000000,1,Long,07/31/2025 00:00:00 -05:00,00:50:01.5460460
1184325766,MNQU5,07/31/2025 11:50:46 -04:00,07/31/2025 12:30:10 -04:00,23562.000000000,23602.500000000,0.74000,81.000000000,1,Long,07/31/2025 00:00:00 -05:00,00:39:23.3386530
1184325767,MNQU5,07/31/2025 12:01:55 -04:00,07/31/2025 12:30:10 -04:00,23585.500000000,23602.500000000,1.48000,68.000000000,2,Long,07/31/2025 00:00:00 -05:00,00:28:14.3063300
859597033,MNQM5,04/25/2025 09:47:38 -04:00,04/25/2025 09:51:59 -04:00,19278.000000000,19265.750000000,0.74000,24.500000000,1,Short,04/25/2025 00:00:00 -05:00,00:04:20.7957900
792469476,MNQM5,04/08/2025 12:26:56 -04:00,04/08/2025 12:27:11 -04:00,17864.250000000,17875.250000000,0.74000,22.000000000,1,Long,04/08/2025 00:00:00 -05:00,00:00:15.1150480
1197991185,MNQU5,08/05/2025 10:09:20 -04:00,08/05/2025 10:10:11 -04:00,23332.000000000,23343.000000000,0.74000,-22.000000000,1,Short,08/05/2025 00:00:00 -05:00,00:00:51.3786970
939630341,MNQM5,05/16/2025 08:55:03 -04:00,05/16/2025 09:18:49 -04:00,21440.750000000,21474.000000000,0.74000,-66.500000000,1,Short,05/16/2025 00:00:00 -05:00,00:23:45.9187570
939630348,MNQM5,05/16/2025 09:01:49 -04:00,05/16/2025 09:18:49 -04:00,21437.500000000,21474.000000000,0.74000,-73.000000000,1,Short,05/16/2025 00:00:00 -05:00,00:16:59.7667370
939651799,MNQM5,05/16/2025 09:20:36 -04:00,05/16/2025 09:22:14 -04:00,21461.000000000,21477.000000000,0.74000,-32.000000000,1,Short,05/16/2025 00:00:00 -05:00,00:01:37.7152000
939676944,MNQM5,05/16/2025 09:22:31 -04:00,05/16/2025 09:26:09 -04:00,21477.750000000,21457.000000000,0.74000,-41.500000000,1,Long,05/16/2025 00:00:00 -05:00,00:03:37.4731680
792687151,MNQM5,04/08/2025 12:50:20 -04:00,04/08/2025 12:50:49 -04:00,17780.750000000,17751.000000000,0.74000,59.500000000,1,Short,04/08/2025 00:00:00 -05:00,00:00:28.9005760
939906154,MNQM5,05/16/2025 09:28:07 -04:00,05/16/2025 09:41:05 -04:00,21479.250000000,21420.750000000,0.74000,-117.000000000,1,Long,05/16/2025 00:00:00 -05:00,00:12:58.7032580
939906155,MNQM5,05/16/2025 09:29:25 -04:00,05/16/2025 09:41:05 -04:00,21463.750000000,21420.750000000,0.74000,-86.000000000,1,Long,05/16/2025 00:00:00 -05:00,00:11:40.0535000
939906156,MNQM5,05/16/2025 09:29:42 -04:00,05/16/2025 09:41:05 -04:00,21472.000000000,21420.750000000,0.74000,-102.500000000,1,Long,05/16/2025 00:00:00 -05:00,00:11:23.7132920
939906157,MNQM5,05/16/2025 09:31:14 -04:00,05/16/2025 09:41:05 -04:00,21436.500000000,21420.750000000,0.74000,-31.500000000,1,Long,05/16/2025 00:00:00 -05:00,00:09:51.1175100
939906158,MNQM5,05/16/2025 09:32:22 -04:00,05/16/2025 09:41:05 -04:00,21434.250000000,21420.750000000,0.74000,-27.000000000,1,Long,05/16/2025 00:00:00 -05:00,00:08:43.3828970
939906159,MNQM5,05/16/2025 09:32:23 -04:00,05/16/2025 09:41:05 -04:00,21437.250000000,21420.750000000,0.74000,-33.000000000,1,Long,05/16/2025 00:00:00 -05:00,00:08:42.1302850
933142253,MBTK5,05/14/2025 21:27:41 -04:00,05/14/2025 21:38:22 -04:00,103830.000000000,103525.000000000,2.34000,-30.500000000,1,Long,05/15/2025 00:00:00 -05:00,00:10:41.6048780
933142255,MBTK5,05/14/2025 21:27:41 -04:00,05/14/2025 21:38:22 -04:00,103825.000000000,103525.000000000,2.34000,-30.000000000,1,Long,05/15/2025 00:00:00 -05:00,00:10:40.9280330
775239230,MNQM5,04/03/2025 12:00:47 -04:00,04/03/2025 12:00:48 -04:00,18913.750000000,18912.000000000,7.40000,-35.000000000,10,Long,04/03/2025 00:00:00 -05:00,00:00:00.3675250
933167675,MBTK5,05/14/2025 21:42:43 -04:00,05/14/2025 21:49:38 -04:00,103550.000000000,103510.000000000,2.34000,4.000000000,1,Short,05/15/2025 00:00:00 -05:00,00:06:54.0830380
775254538,MNQM5,04/03/2025 12:01:30 -04:00,04/03/2025 12:03:20 -04:00,18911.500000000,18930.750000000,0.74000,38.500000000,1,Long,04/03/2025 00:00:00 -05:00,00:01:50.0682080
775254539,MNQM5,04/03/2025 12:02:59 -04:00,04/03/2025 12:03:20 -04:00,18917.500000000,18930.750000000,0.74000,26.500000000,1,Long,04/03/2025 00:00:00 -05:00,00:00:21.0867630
775265761,MNQM5,04/03/2025 12:04:04 -04:00,04/03/2025 12:04:49 -04:00,18902.750000000,18893.500000000,0.74000,18.500000000,1,Short,04/03/2025 00:00:00 -05:00,00:00:44.5318750
775289981,MNQM5,04/03/2025 12:07:55 -04:00,04/03/2025 12:09:07 -04:00,18906.000000000,18888.000000000,0.74000,-36.000000000,1,Long,04/03/2025 00:00:00 -05:00,00:01:12.1658910
950735877,MESM5,05/20/2025 10:18:41 -04:00,05/20/2025 10:50:26 -04:00,5961.750000000,5968.250000000,0.74000,32.500000000,1,Long,05/20/2025 00:00:00 -05:00,00:31:45.2191240
950735878,MESM5,05/20/2025 10:20:41 -04:00,05/20/2025 10:50:26 -04:00,5961.500000000,5968.250000000,0.74000,33.750000000,1,Long,05/20/2025 00:00:00 -05:00,00:29:44.7956660
899944776,MNQM5,05/06/2025 13:37:00 -04:00,05/06/2025 13:50:56 -04:00,19892.500000000,19854.250000000,0.74000,76.500000000,1,Short,05/06/2025 00:00:00 -05:00,00:13:55.7522210
860212664,MNQM5,04/25/2025 10:25:02 -04:00,04/25/2025 10:27:54 -04:00,19288.750000000,19277.000000000,0.74000,23.500000000,1,Short,04/25/2025 00:00:00 -05:00,00:02:52.1284710
775420299,MNQM5,04/03/2025 12:23:40 -04:00,04/03/2025 12:29:11 -04:00,18971.250000000,18955.500000000,0.74000,-31.500000000,1,Long,04/03/2025 00:00:00 -05:00,00:05:31.7569660
775420300,MNQM5,04/03/2025 12:27:28 -04:00,04/03/2025 12:29:11 -04:00,18925.250000000,18955.500000000,0.74000,60.500000000,1,Long,04/03/2025 00:00:00 -05:00,00:01:43.2879720
986009633,MNQM5,05/30/2025 11:03:23 -04:00,05/30/2025 11:08:02 -04:00,21356.750000000,21367.000000000,0.74000,-20.500000000,1,Short,05/30/2025 00:00:00 -05:00,00:04:38.5880860
986036385,MNQM5,05/30/2025 11:08:02 -04:00,05/30/2025 11:11:18 -04:00,21366.750000000,21337.500000000,0.74000,-58.500000000,1,Long,05/30/2025 00:00:00 -05:00,00:03:15.5880470
793117318,MNQM5,04/08/2025 13:46:34 -04:00,04/08/2025 13:50:06 -04:00,17643.000000000,17600.250000000,0.74000,-85.500000000,1,Long,04/08/2025 00:00:00 -05:00,00:03:32.0234780
793117321,MNQM5,04/08/2025 13:48:58 -04:00,04/08/2025 13:50:06 -04:00,17636.750000000,17600.250000000,0.74000,-73.000000000,1,Long,04/08/2025 00:00:00 -05:00,00:01:08.4404710
793130355,MNQM5,04/08/2025 13:50:30 -04:00,04/08/2025 13:51:40 -04:00,17606.250000000,17637.500000000,0.74000,62.500000000,1,Long,04/08/2025 00:00:00 -05:00,00:01:10.1360250
793130356,MNQM5,04/08/2025 13:50:52 -04:00,04/08/2025 13:51:40 -04:00,17632.750000000,17637.500000000,0.74000,9.500000000,1,Long,04/08/2025 00:00:00 -05:00,00:00:48.4032810
793140524,MNQM5,04/08/2025 13:53:10 -04:00,04/08/2025 13:53:13 -04:00,17665.750000000,17651.000000000,0.74000,-29.500000000,1,Long,04/08/2025 00:00:00 -05:00,00:00:03.0804300
793154651,MNQM5,04/08/2025 13:53:21 -04:00,04/08/2025 13:56:15 -04:00,17655.750000000,17661.250000000,0.74000,11.000000000,1,Long,04/08/2025 00:00:00 -05:00,00:02:53.0419560
793154652,MNQM5,04/08/2025 13:54:04 -04:00,04/08/2025 13:56:15 -04:00,17640.750000000,17661.250000000,0.74000,41.000000000,1,Long,04/08/2025 00:00:00 -05:00,00:02:10.9703800
986153324,MNQM5,05/30/2025 11:16:06 -04:00,05/30/2025 11:25:51 -04:00,21352.500000000,21338.500000000,0.74000,-28.000000000,1,Long,05/30/2025 00:00:00 -05:00,00:09:44.7560990
793163112,MNQM5,04/08/2025 13:57:47 -04:00,04/08/2025 13:58:09 -04:00,17650.750000000,17653.500000000,0.74000,5.500000000,1,Long,04/08/2025 00:00:00 -05:00,00:00:22.0268950
793170087,MNQM5,04/08/2025 13:59:27 -04:00,04/08/2025 13:59:55 -04:00,17665.500000000,17668.500000000,0.74000,6.000000000,1,Long,04/08/2025 00:00:00 -05:00,00:00:28.2753000
793179720,MNQM5,04/08/2025 14:01:51 -04:00,04/08/2025 14:01:52 -04:00,17632.750000000,17618.000000000,0.74000,-29.500000000,1,Long,04/08/2025 00:00:00 -05:00,00:00:01.2394890
986217301,MNQM5,05/30/2025 11:27:27 -04:00,05/30/2025 11:32:33 -04:00,21366.000000000,21336.000000000,0.74000,-60.000000000,1,Long,05/30/2025 00:00:00 -05:00,00:05:06.4559490
793190948,MNQM5,04/08/2025 14:03:39 -04:00,04/08/2025 14:04:12 -04:00,17665.750000000,17669.250000000,0.74000,7.000000000,1,Long,04/08/2025 00:00:00 -05:00,00:00:33.6138060
816310659,MNQM5,04/14/2025 13:06:54 -04:00,04/14/2025 13:16:38 -04:00,18828.500000000,18824.750000000,0.74000,7.500000000,1,Short,04/14/2025 00:00:00 -05:00,00:09:44.3193640
1198165704,MNQU5,08/05/2025 10:12:58 -04:00,08/05/2025 10:19:42 -04:00,23313.750000000,23304.750000000,0.74000,18.000000000,1,Short,08/05/2025 00:00:00 -05:00,00:06:44.1190360
793228362,MNQM5,04/08/2025 14:04:49 -04:00,04/08/2025 14:10:36 -04:00,17640.250000000,17572.000000000,0.74000,-136.500000000,1,Long,04/08/2025 00:00:00 -05:00,00:05:47.0101550
793228363,MNQM5,04/08/2025 14:05:20 -04:00,04/08/2025 14:10:36 -04:00,17620.000000000,17572.000000000,0.74000,-96.000000000,1,Long,04/08/2025 00:00:00 -05:00,00:05:15.4887160
793228364,MNQM5,04/08/2025 14:06:19 -04:00,04/08/2025 14:10:36 -04:00,17596.250000000,17572.000000000,0.74000,-48.500000000,1,Long,04/08/2025 00:00:00 -05:00,00:04:16.6241140
793228365,MNQM5,04/08/2025 14:09:55 -04:00,04/08/2025 14:10:36 -04:00,17576.000000000,17572.000000000,2.22000,-24.000000000,3,Long,04/08/2025 00:00:00 -05:00,00:00:40.2377670
793236986,MNQM5,04/08/2025 14:11:50 -04:00,04/08/2025 14:12:19 -04:00,17574.000000000,17573.500000000,2.22000,-3.000000000,3,Long,04/08/2025 00:00:00 -05:00,00:00:29.3620960
793246847,MNQM5,04/08/2025 14:12:27 -04:00,04/08/2025 14:13:53 -04:00,17567.500000000,17530.500000000,0.74000,-74.000000000,1,Long,04/08/2025 00:00:00 -05:00,00:01:25.5999930
793246849,MNQM5,04/08/2025 14:13:03 -04:00,04/08/2025 14:13:53 -04:00,17541.500000000,17530.500000000,0.74000,-22.000000000,1,Long,04/08/2025 00:00:00 -05:00,00:00:50.1394700
793253913,MNQM5,04/08/2025 14:15:07 -04:00,04/08/2025 14:15:25 -04:00,17548.750000000,17557.750000000,2.22000,54.000000000,3,Long,04/08/2025 00:00:00 -05:00,00:00:17.2484120
940098490,MNQM5,05/16/2025 09:45:53 -04:00,05/16/2025 09:52:25 -04:00,21427.500000000,21422.750000000,0.74000,-9.500000000,1,Long,05/16/2025 00:00:00 -05:00,00:06:31.5847680
940098491,MNQM5,05/16/2025 09:46:06 -04:00,05/16/2025 09:52:25 -04:00,21429.750000000,21422.750000000,0.74000,-14.000000000,1,Long,05/16/2025 00:00:00 -05:00,00:06:19.2781020
940098493,MNQM5,05/16/2025 09:50:15 -04:00,05/16/2025 09:52:25 -04:00,21439.500000000,21422.750000000,0.74000,-33.500000000,1,Long,05/16/2025 00:00:00 -05:00,00:02:09.5473700
793266227,MNQM5,04/08/2025 14:17:12 -04:00,04/08/2025 14:17:15 -04:00,17611.750000000,17621.750000000,2.22000,60.000000000,3,Long,04/08/2025 00:00:00 -05:00,00:00:03.3908290
991769560,MNQM5,06/02/2025 11:06:34 -04:00,06/02/2025 14:17:45 -04:00,21385.000000000,21475.250000000,0.74000,180.500000000,1,Long,06/02/2025 00:00:00 -05:00,03:11:11.1486010
991769561,MNQM5,06/02/2025 11:42:42 -04:00,06/02/2025 14:17:45 -04:00,21385.000000000,21475.250000000,0.74000,180.500000000,1,Long,06/02/2025 00:00:00 -05:00,02:35:02.7965050
900100353,MNQM5,05/06/2025 14:14:48 -04:00,05/06/2025 14:16:42 -04:00,19867.750000000,19881.250000000,0.74000,27.000000000,1,Long,05/06/2025 00:00:00 -05:00,00:01:54.0544660
803406697,MNQM5,04/10/2025 10:51:31 -04:00,04/10/2025 10:51:39 -04:00,18677.500000000,18663.000000000,0.74000,-29.000000000,1,Long,04/10/2025 00:00:00 -05:00,00:00:07.9290520
793338801,MNQM5,04/08/2025 14:17:29 -04:00,04/08/2025 14:30:05 -04:00,17624.500000000,17578.000000000,2.22000,-279.000000000,3,Long,04/08/2025 00:00:00 -05:00,00:12:35.6992690
793338802,MNQM5,04/08/2025 14:24:16 -04:00,04/08/2025 14:30:05 -04:00,17586.750000000,17578.000000000,2.22000,-52.500000000,3,Long,04/08/2025 00:00:00 -05:00,00:05:48.6835020
793338804,MNQM5,04/08/2025 14:29:49 -04:00,04/08/2025 14:30:05 -04:00,17508.500000000,17578.000000000,4.44000,834.000000000,6,Long,04/08/2025 00:00:00 -05:00,00:00:15.1991770
940155187,MNQM5,05/16/2025 09:55:53 -04:00,05/16/2025 09:57:06 -04:00,21431.500000000,21439.500000000,0.74000,16.000000000,1,Long,05/16/2025 00:00:00 -05:00,00:01:12.3022660
940155188,MNQM5,05/16/2025 09:56:04 -04:00,05/16/2025 09:57:06 -04:00,21431.000000000,21439.500000000,0.74000,17.000000000,1,Long,05/16/2025 00:00:00 -05:00,00:01:01.7804240
940155189,MNQM5,05/16/2025 09:56:07 -04:00,05/16/2025 09:57:06 -04:00,21432.000000000,21439.500000000,0.74000,15.000000000,1,Long,05/16/2025 00:00:00 -05:00,00:00:58.5622260
803432323,MNQM5,04/10/2025 10:52:32 -04:00,04/10/2025 10:53:31 -04:00,18656.250000000,18642.750000000,0.74000,27.000000000,1,Short,04/10/2025 00:00:00 -05:00,00:00:59.2990290
803456377,MESM5,04/10/2025 10:55:31 -04:00,04/10/2025 10:55:50 -04:00,5333.250000000,5333.250000000,0.74000,0.000000000,1,Short,04/10/2025 00:00:00 -05:00,00:00:18.2986660
940183960,MNQM5,05/16/2025 09:57:27 -04:00,05/16/2025 10:00:05 -04:00,21440.250000000,21406.500000000,0.74000,-67.500000000,1,Long,05/16/2025 00:00:00 -05:00,00:02:37.8180600
940183963,MNQM5,05/16/2025 09:57:56 -04:00,05/16/2025 10:00:05 -04:00,21435.500000000,21406.500000000,0.74000,-58.000000000,1,Long,05/16/2025 00:00:00 -05:00,00:02:08.6221230
940183965,MNQM5,05/16/2025 09:58:24 -04:00,05/16/2025 10:00:05 -04:00,21437.500000000,21406.500000000,0.74000,-62.000000000,1,Long,05/16/2025 00:00:00 -05:00,00:01:40.7662760
803573124,MESM5,04/10/2025 10:56:38 -04:00,04/10/2025 11:06:43 -04:00,5331.250000000,5329.250000000,0.74000,10.000000000,1,Short,04/10/2025 00:00:00 -05:00,00:10:05.3373520
940240145,MNQM5,05/16/2025 10:00:30 -04:00,05/16/2025 10:03:45 -04:00,21413.250000000,21429.750000000,0.74000,33.000000000,1,Long,05/16/2025 00:00:00 -05:00,00:03:15.6407490
940240147,MNQM5,05/16/2025 10:00:31 -04:00,05/16/2025 10:03:45 -04:00,21413.500000000,21429.750000000,0.74000,32.500000000,1,Long,05/16/2025 00:00:00 -05:00,00:03:14.4175880
940240148,MNQM5,05/16/2025 10:00:32 -04:00,05/16/2025 10:03:45 -04:00,21418.250000000,21429.750000000,0.74000,23.000000000,1,Long,05/16/2025 00:00:00 -05:00,00:03:13.5628480
940240149,MNQM5,05/16/2025 10:03:13 -04:00,05/16/2025 10:03:45 -04:00,21437.500000000,21429.750000000,0.74000,-15.500000000,1,Long,05/16/2025 00:00:00 -05:00,00:00:32.6130710
860560122,MNQM5,04/25/2025 10:47:34 -04:00,04/25/2025 10:57:10 -04:00,19340.000000000,19304.250000000,0.74000,-71.500000000,1,Long,04/25/2025 00:00:00 -05:00,00:09:35.8828660
1232599931,MNQU5,08/13/2025 12:45:44 -04:00,08/13/2025 12:53:11 -04:00,23906.250000000,23902.250000000,0.74000,8.000000000,1,Short,08/13/2025 00:00:00 -05:00,00:07:26.8809440
940270693,MNQM5,05/16/2025 10:04:30 -04:00,05/16/2025 10:05:53 -04:00,21429.250000000,21426.000000000,0.74000,-6.500000000,1,Long,05/16/2025 00:00:00 -05:00,00:01:23.2536640
940270698,MNQM5,05/16/2025 10:04:32 -04:00,05/16/2025 10:05:53 -04:00,21432.250000000,21426.000000000,0.74000,-12.500000000,1,Long,05/16/2025 00:00:00 -05:00,00:01:21.7595370
940270701,MNQM5,05/16/2025 10:04:39 -04:00,05/16/2025 10:05:53 -04:00,21433.250000000,21426.000000000,0.74000,-14.500000000,1,Long,05/16/2025 00:00:00 -05:00,00:01:14.5747850
1184954297,MNQU5,07/31/2025 14:51:01 -04:00,07/31/2025 14:53:17 -04:00,23439.750000000,23436.750000000,0.74000,6.000000000,1,Short,07/31/2025 00:00:00 -05:00,00:02:16.0994610
816736179,MNQM5,04/14/2025 14:32:52 -04:00,04/14/2025 14:37:04 -04:00,19008.500000000,19006.750000000,0.74000,3.500000000,1,Short,04/14/2025 00:00:00 -05:00,00:04:11.9420200
877747413,MNQM5,04/30/2025 12:17:14 -04:00,04/30/2025 12:48:08 -04:00,19420.000000000,19408.000000000,0.74000,-24.000000000,1,Long,04/30/2025 00:00:00 -05:00,00:30:53.8606080
877747416,MNQM5,04/30/2025 12:25:21 -04:00,04/30/2025 12:48:08 -04:00,19387.250000000,19408.000000000,0.74000,41.500000000,1,Long,04/30/2025 00:00:00 -05:00,00:22:47.0120480
940321450,MNQM5,05/16/2025 10:07:08 -04:00,05/16/2025 10:08:20 -04:00,21426.000000000,21430.750000000,0.74000,9.500000000,1,Long,05/16/2025 00:00:00 -05:00,00:01:12.1524730
940321451,MNQM5,05/16/2025 10:07:26 -04:00,05/16/2025 10:08:20 -04:00,21429.250000000,21430.750000000,0.74000,3.000000000,1,Long,05/16/2025 00:00:00 -05:00,00:00:53.6069520
940321452,MNQM5,05/16/2025 10:07:35 -04:00,05/16/2025 10:08:20 -04:00,21429.250000000,21430.750000000,0.74000,3.000000000,1,Long,05/16/2025 00:00:00 -05:00,00:00:45.1600590
940342204,MNQM5,05/16/2025 10:09:42 -04:00,05/16/2025 10:09:58 -04:00,21427.750000000,21431.500000000,0.74000,7.500000000,1,Long,05/16/2025 00:00:00 -05:00,00:00:15.1427210
940348368,MNQM5,05/16/2025 10:10:10 -04:00,05/16/2025 10:10:36 -04:00,21431.750000000,21423.500000000,0.74000,-16.500000000,1,Long,05/16/2025 00:00:00 -05:00,00:00:26.0049590
940361659,MNQM5,05/16/2025 10:11:06 -04:00,05/16/2025 10:12:03 -04:00,21429.000000000,21408.000000000,0.74000,-42.000000000,1,Long,05/16/2025 00:00:00 -05:00,00:00:56.5787780
940361660,MNQM5,05/16/2025 10:11:13 -04:00,05/16/2025 10:12:03 -04:00,21430.500000000,21408.000000000,0.74000,-45.000000000,1,Long,05/16/2025 00:00:00 -05:00,00:00:49.9458600
940361661,MNQM5,05/16/2025 10:11:14 -04:00,05/16/2025 10:12:03 -04:00,21431.000000000,21408.000000000,0.74000,-46.000000000,1,Long,05/16/2025 00:00:00 -05:00,00:00:48.5644900
940477270,MNQM5,05/16/2025 10:13:51 -04:00,05/16/2025 10:22:05 -04:00,21422.250000000,21439.750000000,0.74000,35.000000000,1,Long,05/16/2025 00:00:00 -05:00,00:08:13.8422070
940477275,MNQM5,05/16/2025 10:13:52 -04:00,05/16/2025 10:22:05 -04:00,21423.750000000,21439.750000000,0.74000,32.000000000,1,Long,05/16/2025 00:00:00 -05:00,00:08:12.9435160
940477281,MNQM5,05/16/2025 10:14:02 -04:00,05/16/2025 10:22:05 -04:00,21421.250000000,21439.750000000,0.74000,37.000000000,1,Long,05/16/2025 00:00:00 -05:00,00:08:02.8114520
940477284,MNQM5,05/16/2025 10:18:54 -04:00,05/16/2025 10:22:05 -04:00,21450.000000000,21439.750000000,0.74000,-20.500000000,1,Long,05/16/2025 00:00:00 -05:00,00:03:11.4707150
775866501,MNQM5,04/03/2025 13:44:55 -04:00,04/03/2025 13:50:13 -04:00,18891.250000000,18852.000000000,0.74000,-78.500000000,1,Long,04/03/2025 00:00:00 -05:00,00:05:18.0264390
775926401,MNQM5,04/03/2025 13:56:42 -04:00,04/03/2025 14:02:57 -04:00,18839.000000000,18810.250000000,0.74000,-57.500000000,1,Long,04/03/2025 00:00:00 -05:00,00:06:14.8455380
775926402,MNQM5,04/03/2025 13:59:28 -04:00,04/03/2025 14:02:57 -04:00,18818.250000000,18810.250000000,0.74000,-16.000000000,1,Long,04/03/2025 00:00:00 -05:00,00:03:28.4997490
775964318,MNQM5,04/03/2025 14:03:07 -04:00,04/03/2025 14:12:04 -04:00,18817.750000000,18787.000000000,0.74000,-61.500000000,1,Long,04/03/2025 00:00:00 -05:00,00:08:56.4562520
775964319,MNQM5,04/03/2025 14:03:24 -04:00,04/03/2025 14:12:04 -04:00,18825.500000000,18787.000000000,0.74000,-77.000000000,1,Long,04/03/2025 00:00:00 -05:00,00:08:39.6312320
775973675,MNQM5,04/03/2025 14:13:11 -04:00,04/03/2025 14:14:04 -04:00,18791.750000000,18776.500000000,0.74000,-30.500000000,1,Long,04/03/2025 00:00:00 -05:00,00:00:53.2639880
1232749787,MNQU5,08/13/2025 13:05:55 -04:00,08/13/2025 13:16:52 -04:00,23911.000000000,23906.250000000,0.74000,9.500000000,1,Short,08/13/2025 00:00:00 -05:00,00:10:57.0773440
775990324,MNQM5,04/03/2025 14:15:57 -04:00,04/03/2025 14:18:12 -04:00,18790.500000000,18770.750000000,0.74000,-39.500000000,1,Long,04/03/2025 00:00:00 -05:00,00:02:15.2771360
776018184,MESM5,04/03/2025 14:22:56 -04:00,04/03/2025 14:23:39 -04:00,5470.750000000,5472.000000000,0.74000,6.250000000,1,Long,04/03/2025 00:00:00 -05:00,00:00:42.2914180
776063992,MNQM5,04/03/2025 14:33:02 -04:00,04/03/2025 14:33:06 -04:00,18780.500000000,18810.500000000,0.74000,60.000000000,1,Long,04/03/2025 00:00:00 -05:00,00:00:03.7119980
776069402,MNQM5,04/03/2025 14:33:32 -04:00,04/03/2025 14:33:40 -04:00,18786.750000000,18794.000000000,0.74000,14.500000000,1,Long,04/03/2025 00:00:00 -05:00,00:00:07.8604500
776087350,MNQM5,04/03/2025 14:33:52 -04:00,04/03/2025 14:37:35 -04:00,18805.250000000,18794.750000000,0.74000,-21.000000000,1,Long,04/03/2025 00:00:00 -05:00,00:03:42.7398500
776087351,MNQM5,04/03/2025 14:35:02 -04:00,04/03/2025 14:37:35 -04:00,18779.500000000,18794.750000000,0.74000,30.500000000,1,Long,04/03/2025 00:00:00 -05:00,00:02:32.1219230
776098860,MNQM5,04/03/2025 14:38:56 -04:00,04/03/2025 14:39:49 -04:00,18801.000000000,18811.750000000,0.74000,21.500000000,1,Long,04/03/2025 00:00:00 -05:00,00:00:52.5965500
776123364,MNQM5,04/03/2025 14:44:00 -04:00,04/03/2025 14:45:00 -04:00,18828.750000000,18833.250000000,0.74000,9.000000000,1,Long,04/03/2025 00:00:00 -05:00,00:00:59.7980790
776141307,MNQM5,04/03/2025 14:45:22 -04:00,04/03/2025 14:49:01 -04:00,18831.750000000,18843.500000000,0.74000,23.500000000,1,Long,04/03/2025 00:00:00 -05:00,00:03:38.1547990
776141310,MNQM5,04/03/2025 14:46:09 -04:00,04/03/2025 14:49:01 -04:00,18824.250000000,18843.500000000,0.74000,38.500000000,1,Long,04/03/2025 00:00:00 -05:00,00:02:51.8442780
940548763,MNQM5,05/16/2025 10:23:42 -04:00,05/16/2025 10:27:51 -04:00,21438.250000000,21444.250000000,0.74000,12.000000000,1,Long,05/16/2025 00:00:00 -05:00,00:04:08.7141440
940548764,MNQM5,05/16/2025 10:23:44 -04:00,05/16/2025 10:27:51 -04:00,21440.000000000,21444.250000000,0.74000,8.500000000,1,Long,05/16/2025 00:00:00 -05:00,00:04:06.4402300
940548765,MNQM5,05/16/2025 10:23:48 -04:00,05/16/2025 10:27:51 -04:00,21440.000000000,21444.250000000,0.74000,8.500000000,1,Long,05/16/2025 00:00:00 -05:00,00:04:02.8721310
861665081,MNQM5,04/25/2025 13:24:12 -04:00,04/25/2025 13:30:21 -04:00,19533.500000000,19534.500000000,0.74000,2.000000000,1,Long,04/25/2025 00:00:00 -05:00,00:06:09.3636100
861684777,MNQM5,04/25/2025 13:32:13 -04:00,04/25/2025 13:32:29 -04:00,19523.250000000,19525.000000000,0.74000,3.500000000,1,Long,04/25/2025 00:00:00 -05:00,00:00:15.4639750
934466727,MNQM5,05/15/2025 09:05:45 -04:00,05/15/2025 09:08:53 -04:00,21299.000000000,21314.750000000,0.74000,31.500000000,1,Long,05/15/2025 00:00:00 -05:00,00:03:07.2919690
934514913,MNQM5,05/15/2025 09:14:02 -04:00,05/15/2025 09:20:28 -04:00,21308.000000000,21295.500000000,0.74000,-25.000000000,1,Long,05/15/2025 00:00:00 -05:00,00:06:26.3190960
1065333238,MNQU5,06/24/2025 09:52:44 -04:00,06/24/2025 16:00:16 -04:00,22295.500000000,22403.250000000,0.74000,215.500000000,1,Long,06/24/2025 00:00:00 -05:00,06:07:32.5444410
1065333239,MNQU5,06/24/2025 09:52:50 -04:00,06/24/2025 16:00:16 -04:00,22301.500000000,22403.250000000,0.74000,203.500000000,1,Long,06/24/2025 00:00:00 -05:00,06:07:26.6923530
1065333241,MNQU5,06/24/2025 10:20:29 -04:00,06/24/2025 16:00:16 -04:00,22319.000000000,22403.250000000,0.74000,168.500000000,1,Long,06/24/2025 00:00:00 -05:00,05:39:47.3239720
934541134,MNQM5,05/15/2025 09:26:00 -04:00,05/15/2025 09:28:14 -04:00,21288.250000000,21303.000000000,0.74000,-29.500000000,1,Short,05/15/2025 00:00:00 -05:00,00:02:14.6369590
940705639,MNQM5,05/16/2025 10:36:56 -04:00,05/16/2025 10:37:19 -04:00,21373.750000000,21371.000000000,0.74000,5.500000000,1,Short,05/16/2025 00:00:00 -05:00,00:00:23.2482300
940727837,MNQM5,05/16/2025 10:38:29 -04:00,05/16/2025 10:39:04 -04:00,21380.000000000,21383.500000000,0.74000,7.000000000,1,Long,05/16/2025 00:00:00 -05:00,00:00:35.1046920
934649718,MNQM5,05/15/2025 09:31:27 -04:00,05/15/2025 09:35:41 -04:00,21304.750000000,21323.500000000,0.74000,37.500000000,1,Long,05/15/2025 00:00:00 -05:00,00:04:14.7358310
1232889538,MNQU5,08/13/2025 13:28:53 -04:00,08/13/2025 13:35:06 -04:00,23939.750000000,23910.750000000,0.74000,58.000000000,1,Short,08/13/2025 00:00:00 -05:00,00:06:13.0425430
786070512,MNQM5,04/07/2025 11:10:00 -04:00,04/07/2025 11:10:31 -04:00,17488.750000000,17518.750000000,0.74000,60.000000000,1,Long,04/07/2025 00:00:00 -05:00,00:00:31.5676030
786492660,MNQM5,04/07/2025 12:05:20 -04:00,04/07/2025 12:05:35 -04:00,17341.750000000,17340.000000000,0.74000,3.500000000,1,Short,04/07/2025 00:00:00 -05:00,00:00:14.8247640
786504775,MNQM5,04/07/2025 12:07:11 -04:00,04/07/2025 12:07:47 -04:00,17309.500000000,17308.000000000,0.74000,3.000000000,1,Short,04/07/2025 00:00:00 -05:00,00:00:36.0168120
786517443,MNQM5,04/07/2025 12:09:38 -04:00,04/07/2025 12:10:04 -04:00,17270.500000000,17246.250000000,0.74000,-48.500000000,1,Long,04/07/2025 00:00:00 -05:00,00:00:26.1148590
786542075,MNQM5,04/07/2025 12:13:06 -04:00,04/07/2025 12:13:41 -04:00,17305.250000000,17336.750000000,0.74000,63.000000000,1,Long,04/07/2025 00:00:00 -05:00,00:00:34.6967650
786579289,MNQM5,04/07/2025 12:20:27 -04:00,04/07/2025 12:20:35 -04:00,17286.750000000,17285.250000000,0.74000,3.000000000,1,Short,04/07/2025 00:00:00 -05:00,00:00:07.6430750
786607260,MNQM5,04/07/2025 12:25:16 -04:00,04/07/2025 12:25:17 -04:00,17340.000000000,17355.000000000,0.74000,-30.000000000,1,Short,04/07/2025 00:00:00 -05:00,00:00:01.0003200
786606304,MNQM5,04/07/2025 12:24:56 -04:00,04/07/2025 12:25:07 -04:00,17336.000000000,17356.000000000,0.74000,-40.000000000,1,Short,04/07/2025 00:00:00 -05:00,00:00:10.4512360
786614683,MNQM5,04/07/2025 12:26:14 -04:00,04/07/2025 12:26:25 -04:00,17344.250000000,17378.000000000,0.74000,-67.500000000,1,Short,04/07/2025 00:00:00 -05:00,00:00:11.8277940
786631601,MNQM5,04/07/2025 12:28:11 -04:00,04/07/2025 12:28:28 -04:00,17374.250000000,17383.500000000,0.74000,18.500000000,1,Long,04/07/2025 00:00:00 -05:00,00:00:16.8446970
786626822,MNQM5,04/07/2025 12:27:41 -04:00,04/07/2025 12:27:45 -04:00,17389.000000000,17372.250000000,0.74000,-33.500000000,1,Long,04/07/2025 00:00:00 -05:00,00:00:04.0490470
786644013,MNQM5,04/07/2025 12:30:03 -04:00,04/07/2025 12:30:46 -04:00,17390.000000000,17414.000000000,0.74000,48.000000000,1,Long,04/07/2025 00:00:00 -05:00,00:00:42.5735740
786660834,MNQM5,04/07/2025 12:32:24 -04:00,04/07/2025 12:33:37 -04:00,17452.000000000,17485.000000000,0.74000,66.000000000,1,Long,04/07/2025 00:00:00 -05:00,00:01:13.4994470
786692108,MNQM5,04/07/2025 12:35:54 -04:00,04/07/2025 12:40:05 -04:00,17437.250000000,17374.000000000,0.74000,-126.500000000,1,Long,04/07/2025 00:00:00 -05:00,00:04:11.6447560
786692110,MNQM5,04/07/2025 12:37:07 -04:00,04/07/2025 12:40:05 -04:00,17417.000000000,17374.000000000,0.74000,-86.000000000,1,Long,04/07/2025 00:00:00 -05:00,00:02:58.1984020
786694913,MNQM5,04/07/2025 12:40:14 -04:00,04/07/2025 12:40:22 -04:00,17403.250000000,17433.250000000,0.74000,60.000000000,1,Long,04/07/2025 00:00:00 -05:00,00:00:07.9098960
786696509,MNQM5,04/07/2025 12:40:34 -04:00,04/07/2025 12:40:37 -04:00,17438.500000000,17422.000000000,0.74000,-33.000000000,1,Long,04/07/2025 00:00:00 -05:00,00:00:03.6021190
786750087,MNQM5,04/07/2025 12:47:56 -04:00,04/07/2025 12:50:05 -04:00,17306.750000000,17302.250000000,0.74000,-9.000000000,1,Long,04/07/2025 00:00:00 -05:00,00:02:08.8474320
786750088,MNQM5,04/07/2025 12:49:12 -04:00,04/07/2025 12:50:05 -04:00,17286.750000000,17302.250000000,0.74000,31.000000000,1,Long,04/07/2025 00:00:00 -05:00,00:00:53.5512430
786773950,MNQM5,04/07/2025 12:52:13 -04:00,04/07/2025 12:55:10 -04:00,17321.500000000,17326.750000000,0.74000,10.500000000,1,Long,04/07/2025 00:00:00 -05:00,00:02:57.7426260
786781563,MNQM5,04/07/2025 12:56:34 -04:00,04/07/2025 12:56:38 -04:00,17264.250000000,17253.500000000,0.74000,21.500000000,1,Short,04/07/2025 00:00:00 -05:00,00:00:04.6466380
786788289,MNQM5,04/07/2025 12:57:32 -04:00,04/07/2025 12:58:03 -04:00,17266.250000000,17260.250000000,0.74000,12.000000000,1,Short,04/07/2025 00:00:00 -05:00,00:00:31.8572270
786851241,MNQM5,04/07/2025 13:05:54 -04:00,04/07/2025 13:06:06 -04:00,17331.750000000,17332.750000000,0.74000,2.000000000,1,Long,04/07/2025 00:00:00 -05:00,00:00:12.5141630
786875349,MNQM5,04/07/2025 13:10:09 -04:00,04/07/2025 13:10:21 -04:00,17334.750000000,17301.250000000,0.74000,-67.000000000,1,Long,04/07/2025 00:00:00 -05:00,00:00:12.2543540
786871250,MNQM5,04/07/2025 13:09:25 -04:00,04/07/2025 13:09:30 -04:00,17320.000000000,17330.750000000,0.74000,21.500000000,1,Long,04/07/2025 00:00:00 -05:00,00:00:04.5487800
786889937,MNQM5,04/07/2025 13:11:33 -04:00,04/07/2025 13:13:04 -04:00,17313.750000000,17374.000000000,0.74000,120.500000000,1,Long,04/07/2025 00:00:00 -05:00,00:01:30.9315230
786899199,MNQM5,04/07/2025 13:13:55 -04:00,04/07/2025 13:14:22 -04:00,17412.750000000,17444.500000000,0.74000,63.500000000,1,Long,04/07/2025 00:00:00 -05:00,00:00:27.2834210
786923032,MNQM5,04/07/2025 13:17:46 -04:00,04/07/2025 13:17:59 -04:00,17490.750000000,17492.500000000,0.74000,3.500000000,1,Long,04/07/2025 00:00:00 -05:00,00:00:12.9014710
786932664,MNQM5,04/07/2025 13:18:30 -04:00,04/07/2025 13:19:34 -04:00,17512.500000000,17544.000000000,0.74000,63.000000000,1,Long,04/07/2025 00:00:00 -05:00,00:01:03.8858390
787124196,MNQM5,04/07/2025 13:54:22 -04:00,04/07/2025 13:54:39 -04:00,17742.250000000,17753.500000000,0.74000,22.500000000,1,Long,04/07/2025 00:00:00 -05:00,00:00:16.5857060
787135445,MNQM5,04/07/2025 13:57:03 -04:00,04/07/2025 13:57:13 -04:00,17719.500000000,17723.750000000,0.74000,8.500000000,1,Long,04/07/2025 00:00:00 -05:00,00:00:09.5865530
787266353,MGCM5,04/07/2025 14:17:17 -04:00,04/07/2025 14:21:00 -04:00,2986.500000000,2987.300000000,1.24000,8.000000000,1,Long,04/07/2025 00:00:00 -05:00,00:03:42.7571600
787310251,MESM5,04/07/2025 14:28:58 -04:00,04/07/2025 14:29:27 -04:00,5109.250000000,5108.000000000,0.74000,6.250000000,1,Short,04/07/2025 00:00:00 -05:00,00:00:28.7254040
934700421,MNQM5,05/15/2025 09:36:59 -04:00,05/15/2025 09:37:41 -04:00,21302.750000000,21315.250000000,0.74000,-25.000000000,1,Short,05/15/2025 00:00:00 -05:00,00:00:42.0774740
787389215,MBTJ5,04/07/2025 14:37:24 -04:00,04/07/2025 14:45:30 -04:00,79245.000000000,78915.000000000,2.34000,-33.000000000,1,Long,04/07/2025 00:00:00 -05:00,00:08:05.5528180
787849272,MNQM5,04/07/2025 18:07:30 -04:00,04/07/2025 18:16:08 -04:00,17694.750000000,17704.250000000,0.74000,19.000000000,1,Long,04/08/2025 00:00:00 -05:00,00:08:37.5200980
940888530,MNQM5,05/16/2025 10:45:51 -04:00,05/16/2025 10:49:12 -04:00,21347.250000000,21364.000000000,0.74000,33.500000000,1,Long,05/16/2025 00:00:00 -05:00,00:03:20.1979960
940888531,MNQM5,05/16/2025 10:46:37 -04:00,05/16/2025 10:49:12 -04:00,21350.500000000,21364.000000000,0.74000,27.000000000,1,Long,05/16/2025 00:00:00 -05:00,00:02:34.3864190
794360955,MNQM5,04/08/2025 19:41:23 -04:00,04/08/2025 19:45:13 -04:00,16934.250000000,16905.500000000,0.74000,57.500000000,1,Short,04/09/2025 00:00:00 -05:00,00:03:49.6324900
794396802,MNQM5,04/08/2025 19:49:46 -04:00,04/08/2025 19:53:54 -04:00,16967.500000000,16955.250000000,0.74000,24.500000000,1,Short,04/09/2025 00:00:00 -05:00,00:04:08.3046110
794461584,MNQM5,04/08/2025 20:06:50 -04:00,04/08/2025 20:08:55 -04:00,16925.500000000,16903.250000000,0.74000,44.500000000,1,Short,04/09/2025 00:00:00 -05:00,00:02:05.0866000
794636566,MNQM5,04/08/2025 20:58:16 -04:00,04/08/2025 21:00:38 -04:00,16894.250000000,16904.750000000,0.74000,21.000000000,1,Long,04/09/2025 00:00:00 -05:00,00:02:22.6395250
794628250,MNQM5,04/08/2025 20:55:10 -04:00,04/08/2025 20:57:02 -04:00,16883.000000000,16889.250000000,0.74000,12.500000000,1,Long,04/09/2025 00:00:00 -05:00,00:01:51.9783500
794648761,MNQM5,04/08/2025 21:04:24 -04:00,04/08/2025 21:05:06 -04:00,16906.500000000,16907.250000000,0.74000,1.500000000,1,Long,04/09/2025 00:00:00 -05:00,00:00:42.1846550
794678078,MNQM5,04/08/2025 21:12:41 -04:00,04/08/2025 21:15:19 -04:00,16926.500000000,16958.500000000,0.74000,64.000000000,1,Long,04/09/2025 00:00:00 -05:00,00:02:38.0773080
794794353,MNQM5,04/08/2025 21:42:34 -04:00,04/08/2025 21:46:08 -04:00,16986.000000000,17007.500000000,0.74000,43.000000000,1,Long,04/09/2025 00:00:00 -05:00,00:03:34.6617860
803850436,MNQM5,04/10/2025 11:31:54 -04:00,04/10/2025 11:33:58 -04:00,18447.500000000,18425.250000000,0.74000,44.500000000,1,Short,04/10/2025 00:00:00 -05:00,00:02:04.0372780
795087772,MNQM5,04/08/2025 23:18:13 -04:00,04/08/2025 23:18:27 -04:00,17081.500000000,17066.000000000,0.74000,-31.000000000,1,Long,04/09/2025 00:00:00 -05:00,00:00:14.4497840
795099507,MNQM5,04/08/2025 23:20:33 -04:00,04/08/2025 23:20:57 -04:00,17023.750000000,17025.000000000,0.74000,2.500000000,1,Long,04/09/2025 00:00:00 -05:00,00:00:24.0027940
795101231,MNQM5,04/08/2025 23:21:18 -04:00,04/08/2025 23:21:36 -04:00,17032.000000000,17016.750000000,0.74000,-30.500000000,1,Long,04/09/2025 00:00:00 -05:00,00:00:18.4813210
795107233,MNQM5,04/08/2025 23:23:18 -04:00,04/08/2025 23:25:11 -04:00,17024.500000000,17008.500000000,0.74000,-32.000000000,1,Long,04/09/2025 00:00:00 -05:00,00:01:52.2394650
795114139,MNQM5,04/08/2025 23:26:03 -04:00,04/08/2025 23:27:57 -04:00,17024.750000000,17008.750000000,0.74000,-32.000000000,1,Long,04/09/2025 00:00:00 -05:00,00:01:53.9607950
795119168,MNQM5,04/08/2025 23:28:07 -04:00,04/08/2025 23:30:00 -04:00,17012.750000000,16989.500000000,0.74000,-46.500000000,1,Long,04/09/2025 00:00:00 -05:00,00:01:53.2826200
1232954652,MNQU5,08/13/2025 13:38:21 -04:00,08/13/2025 13:49:35 -04:00,23907.750000000,23912.500000000,0.74000,-9.500000000,1,Short,08/13/2025 00:00:00 -05:00,00:11:13.7999840
795131379,MNQM5,04/08/2025 23:31:55 -04:00,04/08/2025 23:34:59 -04:00,17018.750000000,17019.750000000,0.74000,2.000000000,1,Long,04/09/2025 00:00:00 -05:00,00:03:03.6052280
934792675,MNQM5,05/15/2025 09:40:57 -04:00,05/15/2025 09:41:52 -04:00,21295.750000000,21297.500000000,0.74000,3.500000000,1,Long,05/15/2025 00:00:00 -05:00,00:00:55.2333400
795144755,MNQM5,04/08/2025 23:38:33 -04:00,04/08/2025 23:38:48 -04:00,16968.000000000,16968.500000000,0.74000,1.000000000,1,Long,04/09/2025 00:00:00 -05:00,00:00:14.2172400
795147627,MNQM5,04/08/2025 23:39:55 -04:00,04/08/2025 23:40:12 -04:00,16973.750000000,16958.000000000,0.74000,-31.500000000,1,Long,04/09/2025 00:00:00 -05:00,00:00:17.3150620
795153486,MNQM5,04/08/2025 23:41:38 -04:00,04/08/2025 23:41:42 -04:00,16975.000000000,16956.000000000,0.74000,-38.000000000,1,Long,04/09/2025 00:00:00 -05:00,00:00:03.7180180
795168643,MNQM5,04/08/2025 23:46:58 -04:00,04/08/2025 23:47:23 -04:00,16944.000000000,16963.250000000,0.74000,-38.500000000,1,Short,04/09/2025 00:00:00 -05:00,00:00:25.2996990
803854641,MNQM5,04/10/2025 11:33:04 -04:00,04/10/2025 11:34:25 -04:00,18449.250000000,18446.500000000,0.74000,5.500000000,1,Short,04/10/2025 00:00:00 -05:00,00:01:20.2861650
940984935,MNQM5,05/16/2025 10:50:09 -04:00,05/16/2025 10:58:03 -04:00,21380.750000000,21399.000000000,0.74000,36.500000000,1,Long,05/16/2025 00:00:00 -05:00,00:07:54.3954710
940984936,MNQM5,05/16/2025 10:52:12 -04:00,05/16/2025 10:58:03 -04:00,21384.500000000,21399.000000000,0.74000,29.000000000,1,Long,05/16/2025 00:00:00 -05:00,00:05:51.4789400
940984937,MNQM5,05/16/2025 10:57:13 -04:00,05/16/2025 10:58:03 -04:00,21401.500000000,21399.000000000,0.74000,-5.000000000,1,Long,05/16/2025 00:00:00 -05:00,00:00:50.3315710
1232977258,MNQU5,08/13/2025 13:50:58 -04:00,08/13/2025 13:53:18 -04:00,23911.750000000,23923.750000000,0.74000,-24.000000000,1,Short,08/13/2025 00:00:00 -05:00,00:02:19.5265870
941020899,MNQM5,05/16/2025 10:59:55 -04:00,05/16/2025 11:00:41 -04:00,21392.750000000,21402.000000000,0.74000,18.500000000,1,Long,05/16/2025 00:00:00 -05:00,00:00:46.3573230
941020900,MNQM5,05/16/2025 11:00:08 -04:00,05/16/2025 11:00:41 -04:00,21395.000000000,21402.000000000,0.74000,14.000000000,1,Long,05/16/2025 00:00:00 -05:00,00:00:32.8084990
803952821,MNQM5,04/10/2025 11:39:19 -04:00,04/10/2025 11:44:45 -04:00,18423.750000000,18401.750000000,0.74000,44.000000000,1,Short,04/10/2025 00:00:00 -05:00,00:05:26.0263800
941043488,MNQM5,05/16/2025 11:01:20 -04:00,05/16/2025 11:03:13 -04:00,21402.750000000,21391.250000000,0.74000,-23.000000000,1,Long,05/16/2025 00:00:00 -05:00,00:01:53.1570350
941043492,MNQM5,05/16/2025 11:01:39 -04:00,05/16/2025 11:03:13 -04:00,21404.250000000,21391.250000000,0.74000,-26.000000000,1,Long,05/16/2025 00:00:00 -05:00,00:01:34.3604510
941043495,MNQM5,05/16/2025 11:01:39 -04:00,05/16/2025 11:03:13 -04:00,21404.250000000,21391.250000000,0.74000,-26.000000000,1,Long,05/16/2025 00:00:00 -05:00,00:01:33.7681120
797116589,MESM5,04/09/2025 10:05:12 -04:00,04/09/2025 10:06:11 -04:00,5062.250000000,5046.750000000,0.74000,77.500000000,1,Short,04/09/2025 00:00:00 -05:00,00:00:58.7168620
797146847,MESM5,04/09/2025 10:07:36 -04:00,04/09/2025 10:07:53 -04:00,5030.250000000,5036.250000000,0.74000,-30.000000000,1,Short,04/09/2025 00:00:00 -05:00,00:00:17.5387120
797183717,MESM5,04/09/2025 10:10:24 -04:00,04/09/2025 10:10:49 -04:00,5040.750000000,5041.750000000,0.74000,5.000000000,1,Long,04/09/2025 00:00:00 -05:00,00:00:25.5172960
797204159,MESM5,04/09/2025 10:11:23 -04:00,04/09/2025 10:11:59 -04:00,5045.250000000,5047.750000000,0.74000,12.500000000,1,Long,04/09/2025 00:00:00 -05:00,00:00:36.0486610
934887619,MNQM5,05/15/2025 09:42:33 -04:00,05/15/2025 09:47:00 -04:00,21308.500000000,21264.000000000,0.74000,-89.000000000,1,Long,05/15/2025 00:00:00 -05:00,00:04:26.7962200
934887620,MNQM5,05/15/2025 09:45:42 -04:00,05/15/2025 09:47:00 -04:00,21316.250000000,21264.000000000,0.74000,-104.500000000,1,Long,05/15/2025 00:00:00 -05:00,00:01:18.1707720
804191146,MNQM5,04/10/2025 12:07:09 -04:00,04/10/2025 12:08:01 -04:00,18230.250000000,18260.250000000,0.74000,60.000000000,1,Long,04/10/2025 00:00:00 -05:00,00:00:51.5518290
804198434,MNQM5,04/10/2025 12:08:46 -04:00,04/10/2025 12:08:52 -04:00,18231.250000000,18244.250000000,0.74000,26.000000000,1,Long,04/10/2025 00:00:00 -05:00,00:00:06.2977780
941102165,MNQM5,05/16/2025 11:07:35 -04:00,05/16/2025 11:09:15 -04:00,21399.250000000,21384.500000000,0.74000,-29.500000000,1,Long,05/16/2025 00:00:00 -05:00,00:01:39.8113620
804229627,MNQM5,04/10/2025 12:11:50 -04:00,04/10/2025 12:11:56 -04:00,18259.500000000,18275.250000000,0.74000,31.500000000,1,Long,04/10/2025 00:00:00 -05:00,00:00:06.0652070
804352959,MNQM5,04/10/2025 12:25:13 -04:00,04/10/2025 12:25:27 -04:00,18057.500000000,18016.500000000,0.74000,-82.000000000,1,Long,04/10/2025 00:00:00 -05:00,00:00:13.8997300
804379107,MNQM5,04/10/2025 12:28:05 -04:00,04/10/2025 12:28:06 -04:00,17987.000000000,17971.500000000,0.74000,-31.000000000,1,Long,04/10/2025 00:00:00 -05:00,00:00:00.8687980
804369496,MNQM5,04/10/2025 12:25:46 -04:00,04/10/2025 12:27:13 -04:00,18041.000000000,17940.000000000,0.74000,-202.000000000,1,Long,04/10/2025 00:00:00 -05:00,00:01:26.5032280
804390944,MNQM5,04/10/2025 12:28:55 -04:00,04/10/2025 12:29:20 -04:00,18033.750000000,18046.750000000,0.74000,26.000000000,1,Long,04/10/2025 00:00:00 -05:00,00:00:25.2864360
804414898,MNQM5,04/10/2025 12:30:08 -04:00,04/10/2025 12:31:40 -04:00,18036.000000000,18113.750000000,0.74000,155.500000000,1,Long,04/10/2025 00:00:00 -05:00,00:01:32.1128220
804452426,MNQM5,04/10/2025 12:36:08 -04:00,04/10/2025 12:36:47 -04:00,18151.000000000,18157.250000000,0.74000,12.500000000,1,Long,04/10/2025 00:00:00 -05:00,00:00:39.2306260
804485872,MNQM5,04/10/2025 12:41:04 -04:00,04/10/2025 12:41:25 -04:00,18192.750000000,18196.500000000,0.74000,7.500000000,1,Long,04/10/2025 00:00:00 -05:00,00:00:20.3549720
804491516,MNQM5,04/10/2025 12:41:53 -04:00,04/10/2025 12:42:15 -04:00,18208.500000000,18212.750000000,0.74000,8.500000000,1,Long,04/10/2025 00:00:00 -05:00,00:00:21.9658990
804533299,MNQM5,04/10/2025 12:42:42 -04:00,04/10/2025 12:48:20 -04:00,18202.750000000,18206.250000000,0.74000,7.000000000,1,Long,04/10/2025 00:00:00 -05:00,00:05:38.5824720
804533300,MNQM5,04/10/2025 12:47:30 -04:00,04/10/2025 12:48:20 -04:00,18162.000000000,18206.250000000,0.74000,88.500000000,1,Long,04/10/2025 00:00:00 -05:00,00:00:50.1207040
804599966,MNQM5,04/10/2025 12:52:18 -04:00,04/10/2025 12:57:40 -04:00,18298.500000000,18294.500000000,0.74000,-8.000000000,1,Long,04/10/2025 00:00:00 -05:00,00:05:22.4328840
804599967,MNQM5,04/10/2025 12:54:49 -04:00,04/10/2025 12:57:40 -04:00,18248.500000000,18294.500000000,0.74000,92.000000000,1,Long,04/10/2025 00:00:00 -05:00,00:02:50.7451930
804771281,MNQM5,04/10/2025 13:19:19 -04:00,04/10/2025 13:21:10 -04:00,18135.500000000,18075.000000000,0.74000,-121.000000000,1,Long,04/10/2025 00:00:00 -05:00,00:01:51.0338590
941139714,MNQM5,05/16/2025 11:11:10 -04:00,05/16/2025 11:12:25 -04:00,21394.750000000,21400.750000000,0.74000,12.000000000,1,Long,05/16/2025 00:00:00 -05:00,00:01:15.2389490
941139715,MNQM5,05/16/2025 11:11:54 -04:00,05/16/2025 11:12:25 -04:00,21401.500000000,21400.750000000,0.74000,-1.500000000,1,Long,05/16/2025 00:00:00 -05:00,00:00:30.6053070
804816767,MNQM5,04/10/2025 13:26:12 -04:00,04/10/2025 13:27:47 -04:00,18225.750000000,18228.250000000,0.74000,5.000000000,1,Long,04/10/2025 00:00:00 -05:00,00:01:35.2040500
804834793,MNQM5,04/10/2025 13:29:15 -04:00,04/10/2025 13:30:24 -04:00,18279.500000000,18307.500000000,0.74000,56.000000000,1,Long,04/10/2025 00:00:00 -05:00,00:01:09.0740340
804853683,MNQM5,04/10/2025 13:33:23 -04:00,04/10/2025 13:33:54 -04:00,18315.250000000,18342.000000000,0.74000,53.500000000,1,Long,04/10/2025 00:00:00 -05:00,00:00:31.1445520
804932061,MNQM5,04/10/2025 13:43:31 -04:00,04/10/2025 13:45:57 -04:00,18373.250000000,18429.750000000,0.74000,113.000000000,1,Long,04/10/2025 00:00:00 -05:00,00:02:26.0677050
804963153,MNQM5,04/10/2025 13:50:11 -04:00,04/10/2025 13:50:54 -04:00,18404.250000000,18430.250000000,0.74000,52.000000000,1,Long,04/10/2025 00:00:00 -05:00,00:00:43.1274340
1233029788,MNQU5,08/13/2025 13:56:42 -04:00,08/13/2025 14:02:31 -04:00,23928.250000000,23931.500000000,0.74000,6.500000000,1,Long,08/13/2025 00:00:00 -05:00,00:05:49.3005690
941178946,MNQM5,05/16/2025 11:14:12 -04:00,05/16/2025 11:17:03 -04:00,21400.500000000,21388.250000000,2.22000,-73.500000000,3,Long,05/16/2025 00:00:00 -05:00,00:02:51.7606720
805287621,MNQM5,04/10/2025 14:39:13 -04:00,04/10/2025 14:40:19 -04:00,18595.000000000,18610.750000000,0.74000,31.500000000,1,Long,04/10/2025 00:00:00 -05:00,00:01:06.5455820
941202484,MNQM5,05/16/2025 11:18:39 -04:00,05/16/2025 11:20:26 -04:00,21396.750000000,21391.250000000,0.74000,-11.000000000,1,Long,05/16/2025 00:00:00 -05:00,00:01:46.5204700
941257596,MNQM5,05/16/2025 11:25:21 -04:00,05/16/2025 11:28:19 -04:00,21389.000000000,21392.250000000,0.74000,6.500000000,1,Long,05/16/2025 00:00:00 -05:00,00:02:58.4975900
941257598,MNQM5,05/16/2025 11:25:41 -04:00,05/16/2025 11:28:19 -04:00,21387.250000000,21392.250000000,0.74000,10.000000000,1,Long,05/16/2025 00:00:00 -05:00,00:02:38.0487640
817585027,MNQM5,04/14/2025 19:47:44 -04:00,04/14/2025 20:00:06 -04:00,18841.750000000,18872.250000000,0.74000,-61.000000000,1,Short,04/15/2025 00:00:00 -05:00,00:12:22.0161390
941296755,MNQM5,05/16/2025 11:28:47 -04:00,05/16/2025 11:32:17 -04:00,21398.000000000,21413.500000000,0.74000,31.000000000,1,Long,05/16/2025 00:00:00 -05:00,00:03:30.5087670
941296756,MNQM5,05/16/2025 11:30:02 -04:00,05/16/2025 11:32:17 -04:00,21402.000000000,21413.500000000,0.74000,23.000000000,1,Long,05/16/2025 00:00:00 -05:00,00:02:14.8319190
941296757,MNQM5,05/16/2025 11:30:09 -04:00,05/16/2025 11:32:17 -04:00,21402.000000000,21413.500000000,0.74000,23.000000000,1,Long,05/16/2025 00:00:00 -05:00,00:02:08.0161980
941296758,MNQM5,05/16/2025 11:32:02 -04:00,05/16/2025 11:32:17 -04:00,21417.500000000,21413.500000000,0.74000,-8.000000000,1,Long,05/16/2025 00:00:00 -05:00,00:00:15.4720110
941372113,MNQM5,05/16/2025 11:32:48 -04:00,05/16/2025 11:41:26 -04:00,21421.250000000,21437.250000000,0.74000,32.000000000,1,Long,05/16/2025 00:00:00 -05:00,00:08:38.1547500
941372114,MNQM5,05/16/2025 11:33:34 -04:00,05/16/2025 11:41:26 -04:00,21424.750000000,21437.250000000,0.74000,25.000000000,1,Long,05/16/2025 00:00:00 -05:00,00:07:51.7526860
941372115,MNQM5,05/16/2025 11:33:57 -04:00,05/16/2025 11:41:26 -04:00,21426.250000000,21437.250000000,0.74000,22.000000000,1,Long,05/16/2025 00:00:00 -05:00,00:07:29.0664110
941412801,MNQM5,05/16/2025 11:45:21 -04:00,05/16/2025 11:48:04 -04:00,21435.750000000,21425.500000000,0.74000,-20.500000000,1,Long,05/16/2025 00:00:00 -05:00,00:02:42.5023420
1198515836,MNQU5,08/05/2025 10:33:38 -04:00,08/05/2025 10:40:02 -04:00,23261.750000000,23240.750000000,0.74000,42.000000000,1,Short,08/05/2025 00:00:00 -05:00,00:06:23.6458820
827031707,MNQM5,04/16/2025 10:52:40 -04:00,04/16/2025 10:59:19 -04:00,18639.750000000,18628.500000000,0.74000,-22.500000000,1,Long,04/16/2025 00:00:00 -05:00,00:06:38.7680560
827031708,MNQM5,04/16/2025 10:57:06 -04:00,04/16/2025 10:59:19 -04:00,18604.500000000,18628.500000000,0.74000,48.000000000,1,Long,04/16/2025 00:00:00 -05:00,00:02:12.8449070
827206595,MNQM5,04/16/2025 11:01:14 -04:00,04/16/2025 11:14:25 -04:00,18642.000000000,18631.000000000,0.74000,-22.000000000,1,Long,04/16/2025 00:00:00 -05:00,00:13:10.5253440
827206596,MNQM5,04/16/2025 11:05:08 -04:00,04/16/2025 11:14:25 -04:00,18613.750000000,18631.000000000,0.74000,34.500000000,1,Long,04/16/2025 00:00:00 -05:00,00:09:16.5230510
827292663,MNQM5,04/16/2025 11:20:20 -04:00,04/16/2025 11:22:23 -04:00,18606.250000000,18650.500000000,0.74000,-88.500000000,1,Short,04/16/2025 00:00:00 -05:00,00:02:02.8864850
935190646,MNQM5,05/15/2025 09:51:07 -04:00,05/15/2025 10:02:17 -04:00,21271.250000000,21324.000000000,0.74000,105.500000000,1,Long,05/15/2025 00:00:00 -05:00,00:11:10.0219660
935190649,MNQM5,05/15/2025 09:56:53 -04:00,05/15/2025 10:02:17 -04:00,21301.250000000,21324.000000000,0.74000,45.500000000,1,Long,05/15/2025 00:00:00 -05:00,00:05:24.2939860
827663070,MNQM5,04/16/2025 11:45:02 -04:00,04/16/2025 11:59:06 -04:00,18657.250000000,18579.000000000,0.74000,-156.500000000,1,Long,04/16/2025 00:00:00 -05:00,00:14:04.2933240
827663074,MNQM5,04/16/2025 11:46:43 -04:00,04/16/2025 11:59:06 -04:00,18639.500000000,18579.000000000,0.74000,-121.000000000,1,Long,04/16/2025 00:00:00 -05:00,00:12:22.8826670
935289784,MNQM5,05/15/2025 10:03:17 -04:00,05/15/2025 10:10:04 -04:00,21326.750000000,21296.250000000,0.74000,-61.000000000,1,Long,05/15/2025 00:00:00 -05:00,00:06:47.5353060
941951266,MNQM5,05/16/2025 11:49:28 -04:00,05/16/2025 13:17:18 -04:00,21423.500000000,21458.000000000,0.74000,69.000000000,1,Long,05/16/2025 00:00:00 -05:00,01:27:50.0319910
941951267,MNQM5,05/16/2025 11:50:14 -04:00,05/16/2025 13:17:18 -04:00,21428.000000000,21458.000000000,0.74000,60.000000000,1,Long,05/16/2025 00:00:00 -05:00,01:27:03.2335290
941951268,MNQM5,05/16/2025 11:52:58 -04:00,05/16/2025 13:17:18 -04:00,21422.500000000,21458.000000000,0.74000,71.000000000,1,Long,05/16/2025 00:00:00 -05:00,01:24:19.2874560
942048274,MNQM5,05/16/2025 11:57:24 -04:00,05/16/2025 13:40:12 -04:00,21413.500000000,21460.250000000,0.74000,93.500000000,1,Long,05/16/2025 00:00:00 -05:00,01:42:47.6029680
942157478,MNQM5,05/16/2025 13:59:50 -04:00,05/16/2025 14:01:33 -04:00,21443.000000000,21451.500000000,0.74000,-17.000000000,1,Short,05/16/2025 00:00:00 -05:00,00:01:43.4195660
892701731,MNQM5,05/05/2025 10:03:02 -04:00,05/05/2025 10:21:31 -04:00,20101.750000000,20061.250000000,0.74000,-81.000000000,1,Long,05/05/2025 00:00:00 -05:00,00:18:28.5608530
892701736,MNQM5,05/05/2025 10:05:27 -04:00,05/05/2025 10:21:31 -04:00,20067.750000000,20061.250000000,0.74000,-13.000000000,1,Long,05/05/2025 00:00:00 -05:00,00:16:03.6550510
892701738,MNQM5,05/05/2025 10:08:46 -04:00,05/05/2025 10:21:31 -04:00,20063.500000000,20061.250000000,0.74000,-4.500000000,1,Long,05/05/2025 00:00:00 -05:00,00:12:44.6548330
893182640,MNQM5,05/05/2025 10:21:43 -04:00,05/05/2025 10:59:04 -04:00,20080.250000000,20105.750000000,0.74000,51.000000000,1,Long,05/05/2025 00:00:00 -05:00,00:37:21.2443820
893182362,MNQM5,05/05/2025 10:21:42 -04:00,05/05/2025 10:59:03 -04:00,20077.500000000,20105.750000000,0.74000,56.500000000,1,Long,05/05/2025 00:00:00 -05:00,00:37:20.7122530
893237255,MNQM5,05/05/2025 10:22:18 -04:00,05/05/2025 11:05:27 -04:00,20058.500000000,20106.500000000,0.74000,96.000000000,1,Long,05/05/2025 00:00:00 -05:00,00:43:09.5116730
893237259,MNQM5,05/05/2025 10:23:09 -04:00,05/05/2025 11:05:27 -04:00,20061.250000000,20106.500000000,0.74000,90.500000000,1,Long,05/05/2025 00:00:00 -05:00,00:42:18.1778290
893237262,MNQM5,05/05/2025 10:36:57 -04:00,05/05/2025 11:05:27 -04:00,20026.250000000,20106.500000000,0.74000,160.500000000,1,Long,05/05/2025 00:00:00 -05:00,00:28:30.3584380
893558010,MNQM5,05/05/2025 11:23:13 -04:00,05/05/2025 11:38:18 -04:00,20115.000000000,20068.000000000,0.74000,-94.000000000,1,Long,05/05/2025 00:00:00 -05:00,00:15:05.5014420
893558011,MNQM5,05/05/2025 11:25:28 -04:00,05/05/2025 11:38:18 -04:00,20100.250000000,20068.000000000,0.74000,-64.500000000,1,Long,05/05/2025 00:00:00 -05:00,00:12:50.1624120
893558014,MNQM5,05/05/2025 11:35:56 -04:00,05/05/2025 11:38:18 -04:00,20087.250000000,20068.000000000,0.74000,-38.500000000,1,Long,05/05/2025 00:00:00 -05:00,00:02:22.3637380
893653318,MNQM5,05/05/2025 11:40:26 -04:00,05/05/2025 11:47:20 -04:00,20075.750000000,20082.750000000,0.74000,14.000000000,1,Long,05/05/2025 00:00:00 -05:00,00:06:54.3874350
893653319,MNQM5,05/05/2025 11:42:02 -04:00,05/05/2025 11:47:20 -04:00,20086.750000000,20082.750000000,0.74000,-8.000000000,1,Long,05/05/2025 00:00:00 -05:00,00:05:18.4076270
893661313,MNQM5,05/05/2025 11:47:42 -04:00,05/05/2025 11:48:15 -04:00,20089.500000000,20081.000000000,0.74000,-17.000000000,1,Long,05/05/2025 00:00:00 -05:00,00:00:32.6456000
893692900,MNQM5,05/05/2025 11:50:07 -04:00,05/05/2025 11:51:37 -04:00,20082.250000000,20095.500000000,0.74000,26.500000000,1,Long,05/05/2025 00:00:00 -05:00,00:01:29.8046910
893692901,MNQM5,05/05/2025 11:50:54 -04:00,05/05/2025 11:51:37 -04:00,20089.750000000,20095.500000000,0.74000,11.500000000,1,Long,05/05/2025 00:00:00 -05:00,00:00:42.8969150
893826207,MNQM5,05/05/2025 11:52:16 -04:00,05/05/2025 12:09:28 -04:00,20100.250000000,20108.500000000,0.74000,16.500000000,1,Long,05/05/2025 00:00:00 -05:00,00:17:12.3935410
893826210,MNQM5,05/05/2025 11:56:36 -04:00,05/05/2025 12:09:28 -04:00,20103.500000000,20108.500000000,0.74000,10.000000000,1,Long,05/05/2025 00:00:00 -05:00,00:12:51.9042030
954880139,MGCM5,05/21/2025 09:14:21 -04:00,05/21/2025 09:38:56 -04:00,3306.800000000,3306.800000000,1.24000,0.000000000,1,Long,05/21/2025 00:00:00 -05:00,00:24:34.5414000
954880140,MGCM5,05/21/2025 09:14:22 -04:00,05/21/2025 09:38:56 -04:00,3306.700000000,3306.800000000,1.24000,1.000000000,1,Long,05/21/2025 00:00:00 -05:00,00:24:33.5795320
954936451,MNQM5,05/21/2025 07:44:01 -04:00,05/21/2025 09:42:37 -04:00,21346.250000000,21349.500000000,0.74000,6.500000000,1,Long,05/21/2025 00:00:00 -05:00,01:58:35.7543460
954936452,MNQM5,05/21/2025 07:50:49 -04:00,05/21/2025 09:42:37 -04:00,21347.750000000,21349.500000000,0.74000,3.500000000,1,Long,05/21/2025 00:00:00 -05:00,01:51:47.3598240
954936453,MNQM5,05/21/2025 08:04:25 -04:00,05/21/2025 09:42:37 -04:00,21318.500000000,21349.500000000,0.74000,62.000000000,1,Long,05/21/2025 00:00:00 -05:00,01:38:11.9881980
955096215,MNQM5,05/21/2025 08:06:13 -04:00,05/21/2025 09:53:33 -04:00,21305.000000000,21381.250000000,0.74000,152.500000000,1,Long,05/21/2025 00:00:00 -05:00,01:47:19.4014550
955096217,MNQM5,05/21/2025 08:34:28 -04:00,05/21/2025 09:53:33 -04:00,21292.250000000,21381.250000000,0.74000,178.000000000,1,Long,05/21/2025 00:00:00 -05:00,01:19:04.4923590
1198734576,MNQU5,08/05/2025 10:49:31 -04:00,08/05/2025 10:51:41 -04:00,23143.250000000,23163.000000000,0.74000,-39.500000000,1,Short,08/05/2025 00:00:00 -05:00,00:02:09.8209940
1198921134,MNQU5,08/05/2025 10:57:04 -04:00,08/05/2025 11:05:59 -04:00,23172.750000000,23198.250000000,0.74000,51.000000000,1,Long,08/05/2025 00:00:00 -05:00,00:08:54.6737380
1198921136,MNQU5,08/05/2025 10:59:49 -04:00,08/05/2025 11:05:59 -04:00,23183.250000000,23198.250000000,0.74000,30.000000000,1,Long,08/05/2025 00:00:00 -05:00,00:06:09.8350330
1226884488,MNQU5,08/12/2025 11:03:08 -04:00,08/12/2025 11:20:02 -04:00,23788.750000000,23846.750000000,0.74000,116.000000000,1,Long,08/12/2025 00:00:00 -05:00,00:16:54.2820340
1226919546,MNQU5,08/12/2025 11:09:30 -04:00,08/12/2025 11:25:30 -04:00,23809.500000000,23842.750000000,0.74000,66.500000000,1,Long,08/12/2025 00:00:00 -05:00,00:15:59.1568110
1227080468,MNQU5,08/12/2025 11:33:19 -04:00,08/12/2025 11:48:01 -04:00,23839.500000000,23847.000000000,0.74000,15.000000000,1,Long,08/12/2025 00:00:00 -05:00,00:14:41.5842730
1227152194,MNQU5,08/12/2025 11:54:20 -04:00,08/12/2025 12:00:08 -04:00,23853.000000000,23861.500000000,0.74000,17.000000000,1,Long,08/12/2025 00:00:00 -05:00,00:05:47.2446190
1227455731,MNQU5,08/12/2025 12:46:17 -04:00,08/12/2025 13:06:11 -04:00,23888.500000000,23898.000000000,0.74000,19.000000000,1,Long,08/12/2025 00:00:00 -05:00,00:19:53.4059450
1227495131,MNQU5,08/12/2025 13:07:34 -04:00,08/12/2025 13:15:49 -04:00,23896.500000000,23903.500000000,0.74000,-14.000000000,1,Short,08/12/2025 00:00:00 -05:00,00:08:15.0683230
1060703609,MNQU5,06/23/2025 13:56:45 -04:00,06/23/2025 16:00:27 -04:00,22057.250000000,22057.500000000,0.74000,0.500000000,1,Long,06/23/2025 00:00:00 -05:00,02:03:42.4953710
1060703613,MNQU5,06/23/2025 13:59:48 -04:00,06/23/2025 16:00:27 -04:00,22052.750000000,22057.500000000,0.74000,9.500000000,1,Long,06/23/2025 00:00:00 -05:00,02:00:39.5004120
1188099214,MNQU5,08/01/2025 10:06:43 -04:00,08/01/2025 10:13:59 -04:00,22863.000000000,22904.000000000,0.74000,82.000000000,1,Long,08/01/2025 00:00:00 -05:00,00:07:16.1185180
1194229047,MNQU5,08/04/2025 12:34:51 -04:00,08/04/2025 12:39:29 -04:00,23270.000000000,23263.750000000,0.74000,-12.500000000,1,Long,08/04/2025 00:00:00 -05:00,00:04:38.4801730
1188164540,MNQU5,08/01/2025 10:16:15 -04:00,08/01/2025 10:19:11 -04:00,22935.750000000,22938.500000000,0.74000,5.500000000,1,Long,08/01/2025 00:00:00 -05:00,00:02:56.4957970
1194272745,MNQU5,08/04/2025 12:43:53 -04:00,08/04/2025 12:47:09 -04:00,23256.750000000,23268.750000000,0.74000,-24.000000000,1,Short,08/04/2025 00:00:00 -05:00,00:03:16.5598440
1194270047,MNQU5,08/04/2025 12:41:22 -04:00,08/04/2025 12:47:00 -04:00,23263.500000000,23269.250000000,0.74000,-11.500000000,1,Short,08/04/2025 00:00:00 -05:00,00:05:38.0918880
1228589506,MNQU5,08/12/2025 20:50:24 -04:00,08/12/2025 20:56:43 -04:00,23948.750000000,23941.250000000,0.74000,-15.000000000,1,Long,08/13/2025 00:00:00 -05:00,00:06:19.6014090
1188353988,MNQU5,08/01/2025 10:21:52 -04:00,08/01/2025 10:35:53 -04:00,22946.000000000,22997.250000000,0.74000,102.500000000,1,Long,08/01/2025 00:00:00 -05:00,00:14:00.8631270
1194400655,MNQU5,08/04/2025 12:48:30 -04:00,08/04/2025 13:16:20 -04:00,23271.500000000,23276.250000000,0.74000,9.500000000,1,Long,08/04/2025 00:00:00 -05:00,00:27:49.8136490
1194400656,MNQU5,08/04/2025 12:49:07 -04:00,08/04/2025 13:16:20 -04:00,23266.750000000,23276.250000000,0.74000,19.000000000,1,Long,08/04/2025 00:00:00 -05:00,00:27:13.0579030
1194482763,MNQU5,08/04/2025 13:17:08 -04:00,08/04/2025 13:38:13 -04:00,23282.750000000,23271.000000000,0.74000,-23.500000000,1,Long,08/04/2025 00:00:00 -05:00,00:21:05.4288610
1194482767,MNQU5,08/04/2025 13:21:53 -04:00,08/04/2025 13:38:13 -04:00,23277.000000000,23271.000000000,0.74000,-12.000000000,1,Long,08/04/2025 00:00:00 -05:00,00:16:19.8833770
1194538713,MNQU5,08/04/2025 13:39:16 -04:00,08/04/2025 13:47:27 -04:00,23278.750000000,23248.000000000,0.74000,-61.500000000,1,Long,08/04/2025 00:00:00 -05:00,00:08:10.4371870
1194538717,MNQU5,08/04/2025 13:41:03 -04:00,08/04/2025 13:47:27 -04:00,23268.250000000,23248.000000000,0.74000,-40.500000000,1,Long,08/04/2025 00:00:00 -05:00,00:06:23.6799720
1194538719,MNQU5,08/04/2025 13:41:53 -04:00,08/04/2025 13:47:27 -04:00,23264.000000000,23248.000000000,0.74000,-32.000000000,1,Long,08/04/2025 00:00:00 -05:00,00:05:33.2041220
1194830101,MNQU5,08/04/2025 13:49:46 -04:00,08/04/2025 14:48:43 -04:00,23262.500000000,23260.250000000,0.74000,-4.500000000,1,Long,08/04/2025 00:00:00 -05:00,00:58:57.5341090
1194830102,MNQU5,08/04/2025 13:54:25 -04:00,08/04/2025 14:48:43 -04:00,23270.500000000,23260.250000000,0.74000,-20.500000000,1,Long,08/04/2025 00:00:00 -05:00,00:54:17.6635180
1194830103,MNQU5,08/04/2025 14:00:57 -04:00,08/04/2025 14:48:43 -04:00,23273.250000000,23260.250000000,0.74000,-26.000000000,1,Long,08/04/2025 00:00:00 -05:00,00:47:46.2171030
1210551467,MNQU5,08/07/2025 11:12:44 -04:00,08/07/2025 11:22:16 -04:00,23524.750000000,23554.500000000,0.74000,-59.500000000,1,Short,08/07/2025 00:00:00 -05:00,00:09:32.0841830
1210551468,MNQU5,08/07/2025 11:19:45 -04:00,08/07/2025 11:22:16 -04:00,23539.250000000,23554.500000000,0.74000,-30.500000000,1,Short,08/07/2025 00:00:00 -05:00,00:02:31.4706490
1210598278,MNQU5,08/07/2025 11:22:16 -04:00,08/07/2025 11:26:42 -04:00,23554.750000000,23513.000000000,1.48000,-167.000000000,2,Long,08/07/2025 00:00:00 -05:00,00:04:25.6261750
1210812283,MNQU5,08/07/2025 11:30:05 -04:00,08/07/2025 11:49:55 -04:00,23517.500000000,23478.000000000,0.74000,-79.000000000,1,Long,08/07/2025 00:00:00 -05:00,00:19:49.7208040
1210812285,MNQU5,08/07/2025 11:30:26 -04:00,08/07/2025 11:49:55 -04:00,23518.750000000,23478.000000000,0.74000,-81.500000000,1,Long,08/07/2025 00:00:00 -05:00,00:19:28.8920080
1210889431,MNQU5,08/07/2025 11:51:56 -04:00,08/07/2025 11:59:23 -04:00,23502.500000000,23503.500000000,0.74000,2.000000000,1,Long,08/07/2025 00:00:00 -05:00,00:07:27.1074770
1210889432,MNQU5,08/07/2025 11:52:00 -04:00,08/07/2025 11:59:23 -04:00,23509.500000000,23503.500000000,0.74000,-12.000000000,1,Long,08/07/2025 00:00:00 -05:00,00:07:23.6091550
1211209429,MNQU5,08/07/2025 12:16:40 -04:00,08/07/2025 12:40:09 -04:00,23509.250000000,23457.500000000,0.74000,-103.500000000,1,Long,08/07/2025 00:00:00 -05:00,00:23:29.1023450
1211209434,MNQU5,08/07/2025 12:18:25 -04:00,08/07/2025 12:40:09 -04:00,23494.500000000,23457.500000000,0.74000,-74.000000000,1,Long,08/07/2025 00:00:00 -05:00,00:21:43.9730510
1211209436,MNQU5,08/07/2025 12:39:54 -04:00,08/07/2025 12:40:09 -04:00,23469.000000000,23457.500000000,0.74000,-23.000000000,1,Long,08/07/2025 00:00:00 -05:00,00:00:14.8036310
1211404716,MNQU5,08/07/2025 12:50:19 -04:00,08/07/2025 12:57:25 -04:00,23439.750000000,23476.000000000,0.74000,72.500000000,1,Long,08/07/2025 00:00:00 -05:00,00:07:06.1397430
1211450858,MNQU5,08/07/2025 13:00:56 -04:00,08/07/2025 13:02:17 -04:00,23477.750000000,23448.250000000,0.74000,-59.000000000,1,Long,08/07/2025 00:00:00 -05:00,00:01:20.9213840
1211634421,MNQU5,08/07/2025 13:24:24 -04:00,08/07/2025 13:29:24 -04:00,23452.500000000,23417.000000000,0.74000,-71.000000000,1,Long,08/07/2025 00:00:00 -05:00,00:04:59.8891940
1211853331,MNQU5,08/07/2025 14:03:23 -04:00,08/07/2025 14:04:45 -04:00,23417.750000000,23419.250000000,0.74000,3.000000000,1,Long,08/07/2025 00:00:00 -05:00,00:01:21.4368930
1211886082,MNQU5,08/07/2025 14:10:14 -04:00,08/07/2025 14:10:34 -04:00,23386.750000000,23377.750000000,0.74000,-18.000000000,1,Long,08/07/2025 00:00:00 -05:00,00:00:20.5504400
